file,no,content,a,b,c,d,e,ans
2016-07-31-14-08-23.txt,2,竹节包的出现是来自战后物质匮乏的1947年　︽⊙＿⊙︽工匠们独具巧心和创意的创作,国道,小肚,gucci,秋吉,硫酸,c
2016-07-31-14-08-23.txt,1,"开车的人比较不会那么累    从台北开下去动辄5~6小时车程真的很长,到︽⊙＿⊙︽也瘫了!!",面向,垦丁,良哥,礼服,过度,b
2016-07-31-14-08-23.txt,3,个人觉得 natural ︽⊙＿⊙︽ 店里的摆设属于乡村风，相当有味道，往往一个很普通的东西混着摆起来就是特别好看，但其实试想，如果把任何一样东西拿到类似办公室这种冰冷色调的地方摆，那氛围很容易完全走样，实物看起来也就完全不生火了耶!!! 除了东西本身，整个家里的色调跟气氛很重要阿，不然再有风格的东西拿回家都不够力的，居家装潢、室内设计就是这么回事,餐垫,音波净肤仪,浴厕,balenciaga,kitchen,e
2016-07-31-14-08-23.txt,5,阿伯铁马可以借我一下吗?我们脚酸了~~。然后，我好像没发现︽⊙＿⊙︽附近有租借自行车的服务,书坊,凤林,国色,松勇路,船帆,b
2016-07-31-14-08-23.txt,4,"他擅长把简约的俐落感结合女性柔美的特质, 全新上市的︽⊙＿⊙︽show系列眼妆线条更俐落",传明酸,超弹润青,dior,碧儿泉,群英,c
2016-07-31-15-02-02.txt,1,热水池可以容纳二大二小没问题，果然到︽⊙＿⊙︽泡无色无味的温泉很舒服，泡的身子暖呼呼，回民宿后果然很好睡呀,聚会,礁溪,贝壳,高昂,开机,b
2016-07-31-15-02-02.txt,2,台北市公园处在︽⊙＿⊙︽公园种植了数十株的落羽松，每逢冬季，便会把碧绿︽⊙＿⊙︽晕染一片红,记录,大湖,总统,菜刀,名字,b
2016-07-31-15-02-02.txt,4,"""因为地处︽⊙＿⊙︽的高点--号称""""全︽⊙＿⊙︽最高的温泉"""",又有""""︽⊙＿⊙︽101""""的别""",乌来,熊肉,农会,新港鸭肉羹,夜钓小管,a
2016-07-31-15-02-02.txt,3,从走廊走到旁边的小平台，从这里看景色。此时，阳光从云层缝隙中照射出来，映照在︽⊙＿⊙︽洋上,太平,行旅,桥头臭豆腐,意诚里,梅园,a
2016-07-31-15-02-02.txt,5,︽⊙＿⊙︽水利局副局长彭绍博表示，该工程是经济部水利署所建，但因工程已经完工，市府针对此状况，正积极寻求补救，希望在两岸辟建公园，但因地价太高，还在努力中,保护区,台南市,大院,铜锣,真爱码头,b
2016-07-31-16-04-08.txt,1,位在阳明医院对面的富士屋是︽⊙＿⊙︽面包老店，面包会不定时研发出新口味，而一直受大家好评的蛋糕到现在还是走传统口味，不断创新中又保有旧有传统精华,腰头,秋田,棉外套,宜兰,含量,d
2016-07-31-16-04-08.txt,2,︽⊙＿⊙︽ camera 为了庆祝50万人次的下次，免费大放送，8张可爱的熊大贴图，喜欢用︽⊙＿⊙︽ camera的朋友别忘了快点去下载哦。另外的就是在商店里也有一些贴图原本要60元，目前都还有特价5折只要30元哦。大家别错过了,杯水,line,赖清德,双溪,绿地,b
2016-07-31-16-04-08.txt,5,︽⊙＿⊙︽名产 将在地食材发挥极致的玫瑰蔓越莓酥 百香果酥 特色手工点心 泰酥,港式,三民高,龙井,埔里,静巷,d
2016-07-31-16-04-08.txt,4,镇风石塔是︽⊙＿⊙︽当地石敢当的一种，石敢当其实就是传统中国人用来避灾解厄镇魔之物。因为锁港这里的地势低平缺乏山势屏障，冬季常受东北季风侵袭，所以锁港人建造了石塔来镇住这个风水缺陷,见学,新埔,青蛙,仑背,澎湖,e
2016-07-31-16-04-08.txt,3,肌肤之钥xswash ︽⊙＿⊙︽极致香水随身版/2015 vip年度回馈礼三槛明,ettusais,london,歌剧院,香奈儿,眼线笔,b
2016-07-31-17-06-20.txt,1,2013年春季新品：︽⊙＿⊙︽ glam nature增毛级360度超浓密睫毛,金融,人房,泳裤,visee,葛玛兰,d
2016-07-31-17-06-20.txt,3,从台北车站沿着馆前路往228公园方向，经过︽⊙＿⊙︽两个街口后，就在星巴克咖啡楼上9,彩虹桥,古亭,黑曜岩,悟饕,新光三越,e
2016-07-31-17-06-20.txt,2,坐在火车上前往︽⊙＿⊙︽火车站的途中就电话询问当地人哪一间租车店比较好，他推荐我们后站,御灵,台南,韦德,记忆体,冷水,b
2016-07-31-17-06-20.txt,5,这里可稍坐休息一下，夏日炎炎吹吹冷气也很舒服，如果时间足够的话，可以看看︽⊙＿⊙︽岛的影片介,城墙,龟山,天府家常菜,南府,国定,b
2016-07-31-17-06-20.txt,4,因为感觉时间就要很久，所以刚挂完号我就请高大哥先回去，我们在医院折腾了四小时，出来还遇到人很好的计程车司机，︽⊙＿⊙︽真,宜兰,新庄,蒋公,白河,蒸饺,a
2016-07-31-18-08-27.txt,2,一个狗狗图案，一个是红底花朵图案。这个小袋子真的非常实用，尤其对有一堆哩哩扣扣小东西的女生来说。我现在包包里就已经放一个，里面装一些︽⊙＿⊙︽发圈之类的小东西。如果让我选，我当然是选cath的招牌图案小花，但是这次我买这个拉链袋的目的是要装我的nd,护唇膏,势力,肥料,场景,壁炉,a
2016-07-31-18-08-27.txt,1,日据之后，日本随即派兵进驻台湾，在陆军方面，由步兵第一联队守卫台北，第二联队驻扎台南，︽⊙＿⊙︽大成馆及旧文学院即为原日军步兵第二联队之建筑,刘海,成功大学,乐扣,挖空,药膏,b
2016-07-31-18-08-27.txt,4,"""看了那么多说明，但第一次使用时还是有点不习惯 它清透如水，跟我印象中的︽⊙＿⊙︽完全不一样，使用起来像是化妆水般清爽，却保湿的""",营养素,smashbox,holika,精华液,太白,d
2016-07-31-18-08-27.txt,3,"晚上10点多到家之后只有发现痘疤的︽⊙＿⊙︽有点脱妆之外,其他部分都没有大出油或是浮粉脱妆的问题喔!",四格,cosme,laduree,高亮度,遮瑕,e
2016-07-31-18-08-27.txt,5,很开心的他们聊了起来，︽⊙＿⊙︽果然是个很有魅力的观光城市啊，虽然来了好几趟了，但还是觉得这里很好,四草大桥,小馆,台东,闽南书院,闹区,c
2016-07-31-19-10-37.txt,1,我想，历经了东北季风很强的冬天去绿岛搭一小时的船，到︽⊙＿⊙︽才25分钟内，真的不算什么了,气势,小琉球,师傅,武媚娘,鼻水,b
2016-07-31-19-10-37.txt,3,粉鸟林︽⊙＿⊙︽唯一的餐厅就是阿满姨小吃部，就在海巡署旁这间蓝色铁皮屋，当天还遇到重机骑士们前来用餐,渔港,环景,龙腾断桥,盐埕区,老店,a
2016-07-31-19-10-37.txt,4,也就是不只细细滑滑，同时也更滋润了，也就是︽⊙＿⊙︽这瓶明星商品光采再生活肤霜的滋润型的主要感觉了,fasio,妞子,康是美,黄线,revive,e
2016-07-31-19-10-37.txt,2,肤质差一点的，可以把这罐当保湿又有润色效果的妆前乳，然后再擦粉饼或︽⊙＿⊙︽都o,粉底液,塞满,价钱,大雄,悬空,a
2016-07-31-19-10-37.txt,5,订的，有时可以订到比官网更便宜的价格喔，很多人可能会觉得距离火车站那么近，那价钱一定不便宜吧！其实说真的，吉米看到价格真是吓了一大跳，在这住一晚只要两千多，因此若是要在︽⊙＿⊙︽玩一阵子的话，住这里绝对是便宜又方便的好选择,交叉口,有限公司,都兰,汕头火锅,台北,e
2016-07-31-20-12-45.txt,1,富贵角︽⊙＿⊙︽台湾最北的︽⊙＿⊙︽。西元1896年，日本人为建设日本与台湾两地之间的海底电缆及航路标识，动工兴建了日本人据台后所建设的第一座︽⊙＿⊙︽—富贵角︽⊙＿⊙︽，西元1897年的2月24日才告完工，并正式启灯运作,光环,汉娜,灯塔,酸奶,美体,c
2016-07-31-20-12-45.txt,2,︽⊙＿⊙︽幸福指数不在全国县市前十名，相较市长赖清德第一的个人民调，的确有些差距,亮相,牛轧糖,美妆盒,台南市,陌生,d
2016-07-31-20-12-45.txt,3,在他找来︽⊙＿⊙︽餐旅大学助理教授苏国垚、美食文化作家王浩一、设计师蔡佩烜后，旅店的雏型开始慢慢成形,商行,杉板,扇形车站,西湖,高雄,e
2016-07-31-20-12-45.txt,5,"给大家看看, 我已经全脸都上了保湿水︽⊙＿⊙︽, 我的底妆依然非常的有光泽度!!!!!!!!!!!!!!!!!!",粉饼,hermes,线条,黏贴,nivea,a
2016-07-31-20-12-45.txt,4,这瓶美肌智慧︽⊙＿⊙︽约莫是二月底，三月初的时候于诚品武昌买的，当初也不知道该位柜哥怎帮我选了#4这么深，也没试在脸上，只想赶快买了瓶赶着去看电影，后来才发现#4有多么多么深，有多么多么黄。对照精采粉持色︽⊙＿⊙︽nc30，初估这瓶美肌智慧︽⊙＿⊙︽的#4约莫是一般mac粉底的nc35甚至是nc40吧,仕女,弹弹,粉底液,diptyque,理肤宝水,c
2016-07-31-21-14-54.txt,2,再一次整理我手上目前收集的4色防水︽⊙＿⊙︽，除了#84褐灰外，其他都是过去的限量色,玉手,眼线笔,邮筒,武装,单点,b
2016-07-31-21-14-54.txt,1,利用平日应该比假人少一点的心态，想要来个︽⊙＿⊙︽全攻略，所以早早9点门一开，我们就入园了~,装水,汤类,剑湖山,太帅,肌因,c
2016-07-31-21-14-54.txt,4,穿越文武庙褐黄发光的琉璃屋瓦望穿︽⊙＿⊙︽，忍不住边赏美景边祈求风调雨顺、国泰民安。这片让人安心的美，你一定要亲身感受,日月潭,澎湖,来一,悬崖,土沟,a
2016-07-31-21-14-54.txt,3,自己也发现许多有旅店、民宿都收录了！像是前头写到的未艾公寓、自在︽⊙＿⊙︽、佳适旅店都是,名馆,家乡,东海大学,woolloomooloo,安平,e
2016-07-31-21-14-54.txt,5,然后包装上，也是挺用心，使用︽⊙＿⊙︽包装纸，同时也用︽⊙＿⊙︽logo贴纸，整个纸箱也都有做好很好的防震处理，包装上干净、俐落，有条理，打开来也是相当舒服，大概稍微美中不足的，就是差一个品牌纸袋，不过如果说是因为致力于环保，这点就又另当别论了,护唇膏,名品,雅诗兰黛,眼袋,手部保养,c
2016-07-31-22-17-00.txt,1,提到我2013年才刚买的mac #134 专业大︽⊙＿⊙︽刷 ，还是不得不提它就是能将︽⊙＿⊙︽大把大把地抓取，然后做一个很爽快的最后︽⊙＿⊙︽定妆，可以说是#129腮红刷的两倍毛量，主要就是用于︽⊙＿⊙︽的定妆使用，抓粉力一流、柔软弹性一流，相当适合用来刷大量的松粉，大面积大面积的定妆使用，而且还是法国制，一种很幸福的松粉定妆感，就是选这支mac #134 专业大︽⊙＿⊙︽刷就对了,蜜粉,红枫,特辑,海岸公路,老式,a
2016-07-31-22-17-00.txt,3,ps：关于︽⊙＿⊙︽南江休闲农业区团体一日游行程，会依据当季农事体验进行调整，实际行程请参考以下资,乡亲,南庄,村岗北路,安平港,林森,b
2016-07-31-22-17-00.txt,2,入龙喉出虎口，消灾解厄增吉祥，大过年的就是要讨过吉利！春节期间，︽⊙＿⊙︽还会有热闹的农特产和特色市集可以逛，观光小火车或天鹅船可以搭，水陆二用鸭子船目前也是只有︽⊙＿⊙︽线可以尝鲜,莲池潭,游民,私人,橘树,蛋包,a
2016-07-31-22-17-00.txt,5,连我自己在编写文章的过程我就忍不住下标再买了一组︽⊙＿⊙︽ pro以及十个刷头,水养,clarisonic,程式,fendi,肌研白润,b
2016-07-31-22-17-00.txt,4,赶紧趁热吃，咬上一口，原来这饼是有层次的，作法好像和︽⊙＿⊙︽另一家出名的义丰葱油饼差不,罗东,蔚蓝,金涌泉,埔里酒厂,早市,a
2016-07-31-23-19-09.txt,1,对我而言，印象的富锦街是两旁的︽⊙＿⊙︽　还有感觉很有味道的房子　不高却感觉很有人,充电器,大树,甜菜,奇葩,冠军,b
2016-07-31-23-19-09.txt,2,"""牛排的部分也还算软嫩 以这个价位来说算是 c/p 值挺高 比起︽⊙＿⊙︽市的众多连锁牛排馆来说算好吃呦""",藤泽,勺子,司塔,台北,子钧,d
2016-07-31-23-19-09.txt,3,"""①先以d色粉红 beige 抹于上眼折处，带出女孩儿的柔软微甜感。②以c色 beige beige 晕染于眼窝，打造出眼妆的高明度。③利用丝光b色打亮眉骨，加强提升全体的明亮感。④接着使用e色阴影 beige 由下眼头往眼尾描绘出下眼影的部分。⑤再以中性咖啡f色描绘上︽⊙＿⊙︽与下︽⊙＿⊙︽后1/3，在眼尾处交接相连。⑥最后以闪亮a色微微打亮眼头""",红色,neom,眼线,蜜葳特,银河,c
2016-07-31-23-19-09.txt,4,到了fundi的门口，觉得这间民宿地理位置好优呀，虽然说是在巷弄，但离大马路口也没几步，而且近︽⊙＿⊙︽火车站，附近美食也不少，斜对面还有一间狠夯的早午餐店，电视有采访过喔~可惜~我们隔天赶着下个行程，不然我一定会好好的朝圣它的~第一眼看到fundi的门面，就深深被吸引住，复古风的灯具和洗石子墙，以及别出心裁的时尚招牌，再加上木制大门，使得钢硬偏冷的设计注入一点温暖感，我喜欢这样的简约式设计,老五,城楼,树林,三貂岭,台南,e
2016-07-31-23-19-09.txt,5,"""这次分享我最爱的妆前保养霸主"""" ︽⊙＿⊙︽ c."""" 他们又有新产品了--晶透亮妍水凝""",增量,保湿喷雾,瑰柏翠,百款,bevy,e
2016-08-01-00-21-18.txt,3,而开架的话，媚比琳&amp;︽⊙＿⊙︽的，还有lavshuca~还有za的唇膏我也都蛮推,豆沙,integrate,倩碧水磁场,oversized,刷哥,b
2016-08-01-00-21-18.txt,2,板陶窑交趾剪黏工艺园区爬文说这是︽⊙＿⊙︽最具文化特色的园区，那当然一定要来看看啰~这儿的门票为100元，门票可以抵diy及兑换商品,车线,标示,嘉义,红宝石,声明,c
2016-08-01-00-21-18.txt,1,离开遇见晨曦，车子缓缓地经过一座桥，眼前就是刚刚骑脚踏车可以一览的︽⊙＿⊙︽畔美丽风光,冬山河,人员,食神,奶粉,初学者,a
2016-08-01-00-21-18.txt,5,不过，眉胶跟︽⊙＿⊙︽胶的大小和包装都一样，这点倒是有点麻烦，因为会不小心拿错,蜜葳特,冰珠,厚重感,neom,眼线,e
2016-08-01-00-21-18.txt,4,然后在下眼皮的部分加上卧蚕，使用的是我最爱的too cool for school的︽⊙＿⊙︽,法国名牌,乳状,burberry,圆牌,眼线笔,e
2016-08-01-01-23-26.txt,1,旗山火车站算是︽⊙＿⊙︽上非常重要的一个地标，来到旗山当然也得来看看这栋结合了维多利亚和哥德复古式的建筑喔,天使,穿鞋,旗山老街,团费,法义,c
2016-08-01-01-23-26.txt,2,如果饿了也可以在一楼优雅一隅中，享用英式谷仓内的轻食帕尼尼或︽⊙＿⊙︽经典美食。里头也有贩售马玉山的商品哊,施舒雅,烧烤,气感,一条,颈部,b
2016-08-01-01-23-26.txt,3,食记∥ 高雄︽⊙＿⊙︽。parlare coffee怕喇咧咖啡 - 熊熊立体拉花茂盛少女心＆复古文艺工业,过路,新埔站,诚品绿园道,凤山,雨势,d
2016-08-01-01-23-26.txt,4,来到︽⊙＿⊙︽土库，我们先吃了顺天宫斜对面的怪人花枝鳝鱼面和红龟莿壳粿，再到市场另一头寻找噗友推荐的当归鸭肉面线，最后外带古早味双糕润回车上当甜点,古道,龙井,士林,云林,盛开,d
2016-08-01-01-23-26.txt,5,看完26色，最后当然一定也少不了黑色的︽⊙＿⊙︽，同样是黑色，这个#superfly是温柔一点，主要也不带金属感，呈现上也比较柔和些的雾黑色，反倒在最后结束在这样的#superfly有点可惜，因为照道理说，应该也要有一支mac经典的黑金色，可惜这样应该带金属感的黑金色，没有在这次的mac持色烟熏︽⊙＿⊙︽出现,眼线笔,整盘,burberry,法国名牌,皮绳,a
2016-08-01-02-25-34.txt,1,"""这颗是目前︽⊙＿⊙︽树龄最高的神木，今年已经2700岁了哦！它是属于光武桧，因为位在""""香林国小""""不远处，所以当时的县长把它改名为""""︽⊙＿⊙︽香林神木""""""",男子,阿里山,膜炎,葱花,围观,b
2016-08-01-02-25-34.txt,2,这张在︽⊙＿⊙︽海境渡假民宿跟梦幻海景大浴缸的合照，在facebook被狂赞与转寄,娇兰,诱光,垦丁,膳食,面光,c
2016-08-01-02-25-34.txt,3,没想到这次从︽⊙＿⊙︽出来之后便下起大雨，雨势又急又快，于是便进来喝个下午茶顺便避避雨,北海岸,市口,清安豆腐街,花莲扁食,松树,c
2016-08-01-02-25-34.txt,4,"""不过，直到出发的前一两天我才收到体验的流程，那个最吸引我过去的spa按摩，竟然不知道怎样被取消了，虽然我的心中在滴血，但是答应了还是要出席，不能随便放鸟不去啊～ 所以这天我跟妹妹一块出发到︽⊙＿⊙︽的novotel，宸宸听到有住饭店这样的好事，央求我们带他去，所以最后我、妹妹、宸宸还有三个月大的流星雨就一块出门了""",桃园机场,中山北路,流程,梧栖,行驶,a
2016-08-01-02-25-34.txt,5,花东的海味：路边现杀海胆、阿美族熏烤飞鱼、新社噶玛兰野生龙虾、︽⊙＿⊙︽旗鱼大,台商,龙潭,社口村,容貌,成功,e
2016-08-01-03-27-45.txt,2,多株的玫瑰花，娇粉、鹅黄、粉白、紫艳、深红…，各色各样的玫瑰同时绽放，邀请旅人感受属于︽⊙＿⊙︽的烂漫,黏贴,春日,都一,小妹,建筑师,b
2016-08-01-03-27-45.txt,1,现在就带着轻便衣物、运动鞋及泳衣，来︽⊙＿⊙︽老爷享受一场温泉美食纾压养生之旅吧,表格,瓷砖,北投,铁锅,护色,c
2016-08-01-03-27-45.txt,4,客厅舒服温馨，书柜都是他们从以前到现在买的书，保存十分良好，觉得与其放着生灰尘，不如就摆在客厅跟住客们分享，沙发上还有粉红熊熊和蓝色龙猫，墙上挂有︽⊙＿⊙︽的观光地图和民宿入住须,花莲,国宴,石牌,后里,小游,a
2016-08-01-03-27-45.txt,3,点多，最有名的甘蔗清冰已经卖光光，然后就在我们犹豫该不该点冰淇淋来吃时，︽⊙＿⊙︽淇淋也卖光,外层,芋头冰,桃米生态村,国姓,人潮,b
2016-08-01-03-27-45.txt,5,唯一要额外补充的是，出草对于生于和平或是没有这样传统的我们会太过于暴力血腥，但是对于赛德克族来说，这是他们的传统，有能力保护族人的传统与象征，虽然出草的当下抱着杀戮之心，在出草后就是朋友，他们会照顾、祭拜头颅，不管身前的仇恨，在死后他们在︽⊙＿⊙︽的那端就是一起喝酒欢唱的好朋友，这稍微能够解是在上集最后小孩子所做的事情的解释,彩虹桥,木造,夕游出张所,台南艺术大学,水巷,a
2016-08-01-04-29-55.txt,2,这里的每个房间都有不同的设计主题，没有过多的装饰，让住在这里的人能更轻易的融入放松，唯一相同的是都有一大片景观窗，有些面向火车站的方法，有些面向︽⊙＿⊙︽的方向。不管面向哪里？肯定都有不同的惊喜体验,罗东夜市,跟鞋,版子,踝靴,回教徒,a
2016-08-01-04-29-55.txt,1,而且可能因为好丘名字里有个丘吧   我还以为它在哪的︽⊙＿⊙︽上  属于交通很不便那,浴帽,山坡,母乳,化学性,包款,b
2016-08-01-04-29-55.txt,4,在东里家风哩，可以看到五、六十年代的怀旧风聚落，︽⊙＿⊙︽仔南北货、日日春酒庄、山内时计店、英家布庄的招牌,河流,林默娘公园,宝瓶号,二林,水里,e
2016-08-01-04-29-55.txt,3,展出的艺术家作品，都与︽⊙＿⊙︽有着很深的地缘，或许在这住了很久一段时间，或许本身就是︽⊙＿⊙︽人，这系列是吴仲宗老师的陶艺作品，现在听说在大陆很火红，他的创作皆以夫人为发想，福态圆润的身型，嘴角微扬相当讨喜,三芝,交趾,苏澳,金门旅游,夏草,a
2016-08-01-04-29-55.txt,5,。由于原本的︽⊙＿⊙︽夜市要进行市地重划，所以才有计划性的迁移。 2009年选定现在的位置，因新地点就在人文公园旁故取名人文公园夜市，于隔年的1月9日开幕,斗六,板桥车站,臭臭,双溪,行驶,a
2016-08-01-05-32-05.txt,1,"""原本还以为是︽⊙＿⊙︽限定商品，结果好像就是特别推出的收纳礼物盒，虽然你会心想这东西到底能干嘛...，而且agnes b.实在做好多这种很多都只能""""摆""""的东西，不过对我来说，就是把这些东西融入生活，作为一些生活的小点缀，也希望不仅仅只是提升自己在穿搭上的质感，更同时能够增加一些居家环境的生活品味，而它的加购价600元，对我来说就是还能够负担的，所以就当作买一个装饰品，给自己生活一些调剂""",玩家,cafe,红感,理论,高领,b
2016-08-01-05-32-05.txt,2,草本净凉洗发乳75ml+草本净凉润发乳75ml+玫瑰皇后︽⊙＿⊙︽75ml+2014普罗旺斯tote,文社,脚椅,沐浴胶,蒸饺,美术,c
2016-08-01-05-32-05.txt,3,超酷的，这里居然有盐酥鸡！在︽⊙＿⊙︽这边吃到盐酥鸡就跟在新训中心里头吃麦当劳没两样呀！立马买了一份来吃,淡水渔人码头,达仁,电线杆,绿色隧道,距离,b
2016-08-01-05-32-05.txt,4,"最主要都是强调紧致润泽的效果~她的渗透力很好, 我个人很推荐刚要开始接触精油保养的女孩们先从︽⊙＿⊙︽致芳香精露开始入",盛夏,气垫粉饼,vaseline,蜜糖,百妍极,e
2016-08-01-05-32-05.txt,5,因为fan娘的五官不是很深的那一种，尤其是眼窝的部分，所以︽⊙＿⊙︽一直是我很喜,眼线,高潮,全能,neom,蜜葳特,a
2016-08-01-06-34-12.txt,3,当然大家也可依造自已喜欢的风格︽⊙＿⊙︽甲师讨论。露这次是︽⊙＿⊙︽甲师薇雅合作的,哈摩尼韩食堂,和美,羊角,大埤,欧爸,b
2016-08-01-06-34-12.txt,1,再来，我准备越过这座小桥，来到梦幻湖的另外一端，再多多欣赏不同角度的︽⊙＿⊙︽水,云山,阿汤哥,日常用品,静电,图样,a
2016-08-01-06-34-12.txt,2,"""明湖水漾会馆前面有蛮大的草坪!今天有""""︽⊙＿⊙︽乐活产业联盟成立暨幸福巴士启动记者会""",头屋,气色,格子窗,世纪,水瓢,a
2016-08-01-06-34-12.txt,5,明月星空还备有脚踏车可以借～一早起床在田园间骑脚踏车，想到的画面就是︽⊙＿⊙︽武阿xd,游程,得安村,小馆,黑翅萤,金城,e
2016-08-01-06-34-12.txt,4,这次寄来的︽⊙＿⊙︽总共有五件:分别是多酚焕采洁颜露、微晶焕采去角质露、水凝焕采晶露、平衡焕采调理乳、乔沛诗chap-ex袪痘乳膏，上面都有一个红底白色的加号可供辨认,全智贤,保养品,恋爱魔镜,cosme,下巴,b
2016-08-01-07-36-20.txt,1,接着到达︽⊙＿⊙︽国小对面的水族馆，这家不仅只有水族还有奇珍异兽，门口看到正在蜕皮的变色龙，上头还有灯光照射，老板说应为他们需要晒太阳，蜕皮后才会长大,酒水,上唇,专家,三民,玩伴,d
2016-08-01-07-36-20.txt,2,下一场展览的内容我就没仔细问了，不过这个场馆的展览，人比︽⊙＿⊙︽当时少太多了，我曾经在博物馆工作过，很知道博物馆真的要人少少的参观才是一种享受,经络,华山,机动性,节省,行李箱,b
2016-08-01-07-36-20.txt,3,而宝拉珍选，就只要一瓶抗老化柔肤2%水杨酸︽⊙＿⊙︽就完成了去角质及保湿的动作,黑珍珠,身体乳,于刚,sisley,超抗晕,b
2016-08-01-07-36-20.txt,4,今年的台东绿岛兰屿游，因为文子出门后又绕回家拿东西，错过了早上台北飞台东的班机，在计划赶不上变化的情况下，我们决定先去︽⊙＿⊙︽对面的富锦街绿色隧道拍照杀时间,行程表,丰滨,烤鲜蚵,松山机场,车水,d
2016-08-01-07-36-20.txt,5,"另外南环也有︽⊙＿⊙︽的行程,我们这次选择的︽⊙＿⊙︽直接请教练将︽⊙＿⊙︽跟立桨sup搬到时里沙",独木舟,新月广场,童玩,小鸭,三峡老街,a
2016-08-01-08-38-29.txt,1,︽⊙＿⊙︽其实就是游明山所建，所以如果入住明山的饭店~就等于助在︽⊙＿⊙︽内唷,绑绳,妖怪村,酸度,买的,篮子,b
2016-08-01-08-38-29.txt,3,"""和bb︽⊙＿⊙︽一样都附上一支半月形蜜粉刷 有点儿微微的弧度可以顺着脸庞的立体线条均匀上""",jurlique,魔镜,蜜粉饼,clarins,铁盒,c
2016-08-01-08-38-29.txt,2,︽⊙＿⊙︽，络绎不绝的游艇载着游客忙碌穿梭，好不热闹；在梅花湖，却能悠然云水间,日月潭,修女,洗衣服,玉兔,公关,a
2016-08-01-08-38-29.txt,4,"当天迷恋的是它的经典隽永,但是在新任创意总监jonathan anderson的领导之下,︽⊙＿⊙︽今年有了不同的面",蜜葳特,loewe,竹下,品木宣言,赛车,b
2016-08-01-08-38-29.txt,5,︽⊙＿⊙︽ nt.3650 ︽⊙＿⊙︽芯 nt.2450 - 刚扑上去的定妆时刻最,aesop,净化,安美诺,宛若,蜜粉,e
2016-08-01-09-40-39.txt,1,1028这个牌子其实我一直都很喜欢，每次看到小屈在大特价时总是会大搜刮，这些是老虎狗这次的小小战利品~除了好用的cc保湿霜外，另外卸妆和︽⊙＿⊙︽也都很好用哟,睫毛膏,紫禁城,动能,殖民,代价,a
2016-08-01-09-40-39.txt,2,这支也可以拿来做腮红刷跟︽⊙＿⊙︽刷，当腮红刷非常赞，用点的方式上腮红会变的很自然不会有界,蜜粉,电视机,酸酸,白兔,老佛爷,a
2016-08-01-09-40-39.txt,4,由于城堡位在︽⊙＿⊙︽，一开始水管线并没有连通到，金车每天运水上山就为了让游客能享受一杯咖,二食,桥头,锦记,山上,水草,d
2016-08-01-09-40-39.txt,5,好啦～除了大学池外，还有︽⊙＿⊙︽的瞭望台与天文台、筠屋、竹类标本园、巨石、子定亭、森林生态展示中心...等,龙山寺,凤凰山,雪橇,品皇咖啡,记饼,b
2016-08-01-09-40-39.txt,3,由于今日的风浪还是很大，加上是逆风浪方向的缘故，所以感觉很像坐海盗船，也让船上不时惊叫连连；当然也有不少人又晕船了！就在这种情形下，约莫11:30到达︽⊙＿⊙︽。而船在此停留两个小时，因此便租了摩托车来个快速走马看花之旅,望安,兰城晶英酒店,展馆,树叶,泰武,a
2016-08-01-10-42-46.txt,2,附近有百货公司、商圈跟美食店家聚集，home hotel大安就位在忠孝︽⊙＿⊙︽捷运站,复兴,两格,烤鱼,光灿,糖浆,a
2016-08-01-10-42-46.txt,1,喔，对了，还有一个秘密，那就是：这里看︽⊙＿⊙︽岛真的超超超级清楚的啦！光是这一些介绍，就很值得你去看一看了，是吧？,掩面,龟山,记号,空瓶,女伶,b
2016-08-01-10-42-46.txt,3,据说这天︽⊙＿⊙︽香9:10左右营业　我9:20到　最后10点才领到餐　非常夸,宜兰,场馆,白河,新庄,味香,a
2016-08-01-10-42-46.txt,4,来台南就是吃饱饱睡好好的快乐旅行阿，推荐给大家︽⊙＿⊙︽区的优质民宿-莫非工寓,东海大学,盛产,金龙山,woolloomooloo,安平,e
2016-08-01-10-42-46.txt,5,来到盐山这边，白白的︽⊙＿⊙︽插满了鲤鱼旗，加上蓝色的天空，快门真是按不停~~,水草,古风,锦记,桥头,山上,e
2016-08-01-11-44-53.txt,1,平面道路可从︽⊙＿⊙︽文心南路往大里方向→接德芳路三段看到国光路右转直走→接中兴路一段直走→接中正路直走→看到921地震教育园区左转指标前进即可到达,台中市,山腰,拍景,含油,耳罩,a
2016-08-01-11-44-53.txt,2,看看切开的样子，烤得刚刚好，超级嫩！搭配的薄荷酱汁更是绝配，有点酸酸甜甜的可以去腻。真的很意外在卓兰︽⊙＿⊙︽可以吃到这么棒的烤羊肩。真的难忘,女性朋友,新郎新娘,山上,细胞,厨柜,c
2016-08-01-11-44-53.txt,3,猪头饭、阿︽⊙＿⊙︽面和阿桐意面都在这里，照片左边的路上还有一家阿姬意面的生意也很好,龙山寺,渔港,开馆,坑子口,三义,e
2016-08-01-11-44-53.txt,4,名人馆则展示诞生于︽⊙＿⊙︽地区，在各个领域名列台湾第一的四位知名人士。有杜聪明、江文也、卢修一及李登辉,三芝,双城,金门旅游,苏澳,芦之牧,a
2016-08-01-11-44-53.txt,5,旅游∥ ︽⊙＿⊙︽ - 吃吃喝喝系列：饺神二代水饺、小蝌蚪起司饼、︽⊙＿⊙︽老李葱油饼,小琉球,荷方,品皇咖啡,心租,石灰岩,a
2016-08-01-12-47-00.txt,1,miss hana快干防晕丝绒烟熏旋转眼胶笔-可可棕 + 恒星双用︽⊙＿⊙︽胶-香槟,眼影,糖水,丈夫,勤政殿,生长,a
2016-08-01-12-47-00.txt,2,尤其常常有许多女生都说︽⊙＿⊙︽很难吸收，或是买了在昂贵的︽⊙＿⊙︽效果怎么都不显著,去皮,服员,来品,保养品,小琉球,d
2016-08-01-12-47-00.txt,3,在︽⊙＿⊙︽人餐桌上几乎也跟虱目鱼分不开，像是虱目鱼咸粥、虱目鱼头、虱目鱼丸、虱目鱼面线,海角,本地人,台南,三貂岭,树林,c
2016-08-01-12-47-00.txt,5,还有，果汁店，也是在︽⊙＿⊙︽自强夜市人气很高的一款，尤其是这间妙不可言!!!!,行驶,后里,石牌,爱酱,花莲,e
2016-08-01-12-47-00.txt,4,︽⊙＿⊙︽的建筑特色令人难忘，可惜缺乏持续经营，周边观光没有做起来，不然这里可是值得一游的好去处呢,暑气,士林站,葫芦,立屯区,太平大街,e
2016-08-01-13-49-09.txt,2,呼~~~总算是把这次︽⊙＿⊙︽三日游的行程都po完，整理完毕，供大家参考啰~~,头巾,科研,碟子,北海岸,电视墙,d
2016-08-01-13-49-09.txt,1,这间饭店坐落于大肚山上，可一眺整个台中市区美景，这次前往住宿单纯就是渡假放松，享受一直待在房间，发呆聊天泡汤的惬意，由于这间饭店离台中市区有一大段距离，不想开车前往饭店的朋友们，可先跟饭店预约接驳车，可在︽⊙＿⊙︽上车,法则,烤饼,新光三越,笔画,红衣,c
2016-08-01-13-49-09.txt,3,糖厂改造的空间一直都是很有︽⊙＿⊙︽味道的游憩景点，外围像是公园一样，而原本的仓库或厂房则变身为展场，十鼓园区就是很赞的例子,仓库,台南,乐屋,树林,三貂岭,b
2016-08-01-13-49-09.txt,4,时间还早那就再绕到︽⊙＿⊙︽去逛一逛，吃一吃吧!!不过当然以点心为主啰，先来只小新鲷鱼烧来解个点心馋,日景,奋起湖,高楼,大鹏湾,大远百,e
2016-08-01-13-49-09.txt,5,之前在莫内咖啡有请教过老板，因为最近非雨季，所以︽⊙＿⊙︽并不壮观而且需要收票我们未进入,大杨梅鹅庄,思义,十分瀑布,燕子,西螺,c
2016-08-01-14-51-17.txt,2,三、 外出旅游时：涂上有防晒效果的小蜜媞修︽⊙＿⊙︽，可预防黑色素沉淀与老化唇纹提早报到,护唇膏,电台,浴衣,住房,叔叔,a
2016-08-01-14-51-17.txt,1,还记得约莫两年前我有买过一支类似的卷发器!!但不是︽⊙＿⊙︽~是个韩国的牌子!!结果使用不到一个月就gg挂点，还因为卷的不是很顺利造成头发有点烧焦或是打结的严重困,飞利浦,传教,型式,男童,阿翔,a
2016-08-01-14-51-17.txt,3,"韩国cremorlab t.e.n.矿物智慧肤色调控︽⊙＿⊙︽ spf50, pa+++ 30m",cc霜,bvlgari,重度,香薰,givenchy,a
2016-08-01-14-51-17.txt,4,2013.07 2013日本药妆失心疯：6支日系︽⊙＿⊙︽+2支眼线笔使用心得大分,扫地,cartier,专科化妆水,睫毛膏,绿园,d
2016-08-01-14-51-17.txt,5,我拿我另一款︽⊙＿⊙︽手拿包来示范、实验，也真的是有点脏了，别看它是黑色，我买了几个︽⊙＿⊙︽手拿包，就它最难照顾，三不五时都要清洁一下，因为它是光滑羊皮，很容易沾染以及纹路等 ...，看起来就会很脏、很雾、不够亮，所以一定要一直清，我现在也真的知道，为什么大家都不买︽⊙＿⊙︽光滑面的包包，都要买个什么荔枝皮等 ...，因为真的也是照顾很费工,单价,chanel,neogence,手部保养,主色,b
2016-08-01-15-53-26.txt,2,摇下车窗，关掉空调，呼吸着带点湿润的凉凉空气，终于依约来到小山头上的目的地，︽⊙＿⊙︽模的风格建筑，一整片的绿色草地，感觉很舒服的地方,海滩,清水,国子,高质,船井,b
2016-08-01-15-53-26.txt,1,整体而言我觉得是一个很适合两天一夜渡假的好地方，从下午15:00玩到隔天中午，包括烤肉、野溪戏水、火把夜游....等等多项行程，民宿业者用心的安排，我们连哪都没去，就好好的待在园区内享受着另类的休闲活动，我喜欢这种快乐的氛围，漫步慢活体验最原始的活动，吃喝玩乐一次享足，出外踏青，乐享生活，来一趟青山绿水之旅，感受苗栗︽⊙＿⊙︽的野趣与纯朴,南庄,高中女生,乐章,纸胶,衣柜,a
2016-08-01-15-53-26.txt,4,余基吉表示，亿载︽⊙＿⊙︽去年首度举办国际鼓乐节，由于下午采取管制性参观措施，一度引发民怨，今年特别加以改善，兼顾参观古迹及看表演的需求，加上品尝美食及顺道参观德阳舰等卖点，让亿载︽⊙＿⊙︽今年春节的参观人数倍增，由去年的一万七千七百廿四人成长为三万七千二百廿四人，古迹门票收入也由去年的四十三万五千元增加到八十三万六千三百多元,灯会,教会,金城,黑翅萤,得安村,c
2016-08-01-15-53-26.txt,3,不过自从某次机缘不小心参加了︽⊙＿⊙︽的彩妆大赛后，当天仿妆的对象刚好就是泫雅!,冷门,whoo,origins,技巧,植村秀,e
2016-08-01-15-53-26.txt,5,︽⊙＿⊙︽镇花手巾植物染工坊启用于98年，在︽⊙＿⊙︽镇文史工作协会努力下，将昔日常有人聚赌的烟楼旧模型建筑，变身为展售客家妈妈们植物染制,书坊,松勇路,凤林,海草,布达,c
2016-08-01-16-55-35.txt,2,位于︽⊙＿⊙︽三义乡胜兴村12邻绿舟路1号，地理位置非常好找，且有完善的停车场可以停车，不用担心找不到停车位,冷凝,苗栗县,女仆,楼观,丸子,b
2016-08-01-16-55-35.txt,3,照例买了我最喜欢的好走第一名之65mm高度。我以前是非十公分不穿，可是后来在中跟鞋和平底鞋的世界中找到了另一片天 xd。对于︽⊙＿⊙︽ rockstud，我觉得100mm很漂亮，而且很有气势，哈哈，但对我来说65mm有种更随性美的chic,腮红,valentino,屈臣氏,oriks,本滟色,b
2016-08-01-16-55-35.txt,1,︽⊙＿⊙︽协云宫有高高低低好几个停车场，建议把车停车外头的停车场，再边走边赏樱，各个角度都有不同的风景,工业风,苗栗,程式,页面,金巴兰,b
2016-08-01-16-55-35.txt,5,︽⊙＿⊙︽真的不只有车站！竟然来了，一定要上来看看！保证会让你的记忆点多上更多,空灵,多良车站,武陵农场,新湖,川越,b
2016-08-01-16-55-35.txt,4,kiss me睫毛膏/︽⊙＿⊙︽双效眉粉笔/msh眼线液笔/3ce唇膏/nars腮红/ysl眼影/肌肤之钥光耀幻妍,maybelline,日本表参道,酒红,美白产品,美白款,a
2016-08-01-17-57-43.txt,2,湖面约20公顷，形状近似五瓣清丽梅花，先总统蒋经国先生因而赞叹命名为［︽⊙＿⊙︽］,小手,肉汁,梅花湖,葵花,离题,c
2016-08-01-17-57-43.txt,1,获选南市代表将参加︽⊙＿⊙︽百年台湾十大乌鱼子全国比赛的苏国基，养殖乌鱼快有二十年经验，靠着对乌鱼的熟稔，从养乌鱼、剖卵到加工一手包办，尽管去年名落孙山，但今年卷土重来，让他一举拿到进入全国赛的门票。苏国基说，能与全国优质乌鱼子一较高下，真是好高兴,儿们,絮语,共用,建国,蛋鸡,d
2016-08-01-17-57-43.txt,3,"老实说,︽⊙＿⊙︽我并不是只衷于一个品牌&gt;///&lt;但是有几样产品是固定会出现在我保养顺序中",动刀,恋爱魔镜,葵花籽,cosme,保养品,e
2016-08-01-17-57-43.txt,4,app分享生了三天才生出来&gt;''&lt; 面妈一整个下午一直用︽⊙＿⊙︽骚扰我说到底甚么时候要发文,欧恩伊,人实,line,好友,kanebo,c
2016-08-01-17-57-43.txt,5,擦完之后即使不再上任何的精华液 只要简单擦一层︽⊙＿⊙︽锁水 对我这大干肌来说在冬天也很够,蓄水,镜子,lauder,pupa,乳液,e
2016-08-01-18-59-53.txt,1,"这里之前gisele跟hannah都跟我大力推荐, 因为这个spa用的产品全部都是来自约旦死海的︽⊙＿⊙",保养品,阴雨,柿饼,冬粉,问度,a
2016-08-01-18-59-53.txt,2,回到民宿享用完早餐，我们就往下一站出发，途中经过︽⊙＿⊙︽水库还下来拍照，因为从高处往下拍，碧绿的山谷，水库的湖水，山下的房屋，交织而成美丽的风景,太亮,牡丹,赏金,奶瓶,故事性,b
2016-08-01-18-59-53.txt,3,第三天：翠峰景观道路14k观日出 - 翠峰湖 - 望洋山步道 - 蹦蹦车 - 茂兴怀旧步道 - ︽⊙＿⊙︽温泉 - 夜宿︽⊙＿⊙︽友诚温泉饭,瓦城泰国料理,轻尘,观景,礁溪,山上,d
2016-08-01-18-59-53.txt,4,︽⊙＿⊙︽周边的小吃和左岸单车游行程之后，接下来要来推荐也是在渡船头附近的米仓国小-小米虫咖啡，这里离五福宫和渡船头应该差不多只有5分钟车程,八里渡船头,月津港灯节,游乐,安仁,名间乡,a
2016-08-01-18-59-53.txt,5,这一趟︽⊙＿⊙︽的悠闲旅游就在开车回到北部之后告一段落，我相信短期内我一定还会再到︽⊙＿⊙︽，享受南国的椰风和阳光。你也在计划下一趟旅行吗？来一趟︽⊙＿⊙︽的小旅行，不必出国也有出国玩耍的满足感喔,垦丁,山线,朴子,社头,私人,a
2016-08-01-20-02-03.txt,1,︽⊙＿⊙︽也是台湾的招牌景点之一，不管是大晴天或烟雾弥漫，都散发着不同的美！若是第一次来︽⊙＿⊙︽的人，可以将车子停在水社码头这边，然后下去沿着环河步道逛逛。也可以选择坐船游湖，到对岸的码头或景点游览，也可以开车环湖，沿路也有一些景点像是文武庙、慈恩塔等景点！若是只想要随性，那么就沿着湖的四周走走晃晃，真的是好美呀！湖的四周也是有些咖啡店，像是星巴克或天仁茗茶，走累了在这边休息一下也是不错的唷,康乐,很扁,力道,日月潭,花饰,d
2016-08-01-20-02-03.txt,3,所以单用手搓你就会摸到满满的一粒粒小颗粒 我觉得可以有去角质的功效 用在︽⊙＿⊙︽非常棒,钻美白,身体去角质,天会,高分子,suncut,b
2016-08-01-20-02-03.txt,2,八达子旁这家是总店楼上是制作工厂，目前在大︽⊙＿⊙︽的金城也有一家分店，除了贩售自家贡糖,会议,金门,人生,爱心,编织,b
2016-08-01-20-02-03.txt,4,哇~怎么有一颗缤纷闪耀32尺高的圣诞树，正在照亮︽⊙＿⊙︽市，冬季的星空、浪漫的灯海,明水,五甲,石牛溪,新北,车埕车站,d
2016-08-01-20-02-03.txt,5,今年旅展规模扩大，增加不少新参展单位，包括澳门威尼斯人酒店、新竹喜来登、南投日月行馆、︽⊙＿⊙︽大饭店、台北欧华饭店、北投加贺屋、喜鸿旅行社等。为了方便民众收集旅游情报，itf线上旅展提前在10月22日抢先曝光，内容包括参展单位名录及简介、摊位平面图、旅展优惠讯息，以及大会抽奖奖项、旅游产品说明会,李白,土沟,渔场,澎湖,日月潭,e
2016-08-01-21-04-14.txt,2,其实是这个周末我带着子乔子钧在︽⊙＿⊙︽活动，既然走访了科博馆旁的城堡乐园，也预约了鱼丽共同厨房用餐，心一横想:干脆再多挤一个亲子主题的餐厅进来，帮choyce网志的网友们探探路看看好不好玩啊,家门,台中,机位,山花,古墓,b
2016-08-01-21-04-14.txt,1,休息够了，继续往前走，进到︽⊙＿⊙︽鼻高绕点的草原区。而这个区域的路况，大致上还不错，只是有一小段路，还是要利用绳索上下,大战,观音,胰岛素,物性,范例,b
2016-08-01-21-04-14.txt,4,介绍幸福20号农场时，便让小j 立志要赶紧补上此次︽⊙＿⊙︽之行的相关文章，因为我们这次也去了幸福20号农场ㄋ，真是太巧了呀…,白河,旺莱猫,宜兰,新庄,合肥,c
2016-08-01-21-04-14.txt,3,我觉得因为它更润的关系，反而让我整个皮肤更吃妆，因为我现在肌肤真的随着年龄增长，越来越干，但就也还是会出油、会长痘痘，不过也是需要滋润，滋润好了，肌肤油水平衡达到了，整个妆容也会比较好看，先用激光焕白︽⊙＿⊙︽spf50+/pa++全脸打底，有足够的润、修饰,部位,迪琳,理肤宝水,粉底液,diptyque,d
2016-08-01-21-04-14.txt,5,而且︽⊙＿⊙︽ c.的价格非常亲民，不论是小资女或是学生也都可以很安心的入手喔,薄荷精,保湿喷雾,瑰柏翠,bevy,市占率,d
2016-08-01-23-11-35.txt,2,在拍完这只引人注意折耳猫，便回到广场搭接驳车回︽⊙＿⊙︽捷运站。而在等捷运的时候，因为接近日落时分，在月台就可以欣赏到不错的景色,淡水,舌尖,记性,秘笈,养分,a
2016-08-01-23-11-35.txt,1,教师新村里面有个低调却颇有人气的窝柢咖啡公寓，这里的周边环境跟︽⊙＿⊙︽市的gorogoro有点相似，都是隐身老社区巷内闹中取静，让人忘了外头大马路的车水马龙,香皂,小碟,宜兰,外头,战士,c
2016-08-01-23-11-35.txt,3,︽⊙＿⊙︽的美白概念，就是在透过美白的同时，也要把皱掉的纸尽量回到平滑感，这样的白，才能够达到真正的白，根据︽⊙＿⊙︽表示，这次全新的净肤淡斑精华，是第一支目前市场上双胜肽的产品，简单来说，胜,星灿,寄件,revive,fasio,康是美,c
2016-08-01-23-11-35.txt,4,到糖厂一定要到台糖展售馆吃冰或者买买伴手礼，这里的特色冰品: 红豆酵母冰，吃起来味道很妙，但我个人不是很喜欢xdd，其他的冰品都很不错吃喔~夏天一定要来这一味消消暑。这里也有买一些热食喔~除此之外，︽⊙＿⊙︽糖厂内也,玄空,连江县,朝日号,桥头,专线,d
2016-08-01-23-11-35.txt,5,所以大家即使不是敏感肌也一定要注意 不要擦会伤害肌肤的︽⊙＿⊙︽or化妆品唷^,秋妆,cosme,保养品,黄芩,恋爱魔镜,c
2016-08-02-00-13-42.txt,2,※免费矿泉水，茶包，咖啡，︽⊙＿⊙︽精致小点心，高级依必朗洗发精沐浴乳，牙膏牙刷、  纸毛巾、大浴巾，洗衣精,台南,钟乳,盆栽,整瓶,唇颊,a
2016-08-02-00-13-42.txt,3,来到阳台，真的坐拥整片山景，如果天气不是这样雾蒙蒙的，应该可以看见对面山头的︽⊙＿⊙︽咖啡店家们,八仙洞,紫藤,板桥,咖啡,古坑,e
2016-08-02-00-13-42.txt,1,2012-2013年常用的3罐保湿乳霜大评比 - sana五合一豆乳︽⊙＿⊙︽、肌研浓极润高保湿五合一乳霜、pdc五合一保湿凝,本川,船舶,小事,保湿精华,冰狱,d
2016-08-02-00-13-42.txt,4,平常外出或是到海边玩都要先擦上angel key无瑕美腿︽⊙＿⊙︽    减少肌肤伤害还能美化双腿喔！,cc霜,黏液,givenchy,bvlgari,眼折,a
2016-08-02-00-13-42.txt,5,代购购买时还︽⊙＿⊙︽我说只剩一个而已，搞得我好紧张，因为她说差点就被后面的大陆人抢走,客邦,欧恩伊,泰迪熊,line,kanebo,d
2016-08-02-01-15-50.txt,1,mango cafe 芒果咖啡 - ︽⊙＿⊙︽店 &amp; 斗六店 - 老板娘 芒果女王 我欣赏你啦..,莿桐,壁板,星巴,棉质,字领,a
2016-08-02-01-15-50.txt,2,look1 成熟姐姐风格 #04 aurora sweet腮红+#07 daily ︽⊙＿⊙︽唇,馨乐庭,pink,脚痛,八斗子,淡化,b
2016-08-02-01-15-50.txt,3,我们在家时，化妆前也可以多上一道妆前保养︽⊙＿⊙︽or专门的妆前乳，给予肌肤足够的保湿度,lauder,水压,乳液,pupa,嘴角,c
2016-08-02-01-15-50.txt,4,。︽⊙＿⊙︽ 防晒真的超泛白的...连我在涂上bb cream还是有白面鬼的底妆...orz..,光唇,蜜粉饼,色款,唇部保养,nivea,e
2016-08-02-01-15-50.txt,5,如果来君鸿国际酒店住宿，可以坐到︽⊙＿⊙︽ 三多商圈站并从2号出口走出来，走路大约5-10分钟，如果行李太多的话，记一下接驳车的时刻表，会有整点接送的服务，非常方便,高雄,西湖,家带,扇形车站,铁道,a
2016-08-02-02-17-58.txt,2,这款强调可以一罐抵七罐，同时具有乳液、下地、︽⊙＿⊙︽、防晒、提升血色感、平衡肤色、打造透明感...的用途,业界,水道,遮瑕,绿水,松柏,c
2016-08-02-02-17-58.txt,1,因为天气预报说隔天会有寒流　加上去︽⊙＿⊙︽跑完后　肚子也脏　决定第一天就洗狗呗!!,糖色,肩带,鲤鱼潭,太帅,戏剧,c
2016-08-02-02-17-58.txt,3,而旅游主要目的还是放空与放松啰，于是很单纯地在吃完午餐以后，直接过来︽⊙＿⊙︽啰。：,青埔,黑壁,青青草原,异人馆,屋顶棕榈餐厅,c
2016-08-02-02-17-58.txt,5,顾名思义就是烟熏，既然是烟熏，自然就是要晕染，所以这样的持色烟熏︽⊙＿⊙︽，关键点不是在会不会晕，因为不会用它来画眼线，而是考量够不够持妆,地方,眼线笔,分界,burberry,法国名牌,b
2016-08-02-02-17-58.txt,4,利用彰化在地特色融入其各自风格中，在各角落为︽⊙＿⊙︽量身打造出专属画作，让游客来到彰化︽⊙＿⊙︽，就能享受现代活力与历史风味相结合的冲突感与特色,散散步,长月烧肉,福神,树林,百宝村,e
2016-08-02-03-20-07.txt,1,是化妆水完用奇迹水、奇迹水完上︽⊙＿⊙︽，再用肌底保湿晶萃凝冻加强保湿让肌肤也多喝水噢,精华液,模具,鸣子,资源,溪谷,a
2016-08-02-03-20-07.txt,3,是说，如果这个是我在专柜买的话，那我还真的大概有点疯了 ...，据说这样三本一式，︽⊙＿⊙︽定价是上千元，还不一定想买就能买到，我是后来同样在fb的二手精品社团中挖到的宝，因为有人500元出售，想说蛮特别的，买来玩玩当作一种记录，也好奇︽⊙＿⊙︽在做这样的便利贴的文具品是怎么设计的,时钟,染膏,舒芙蕾水凝霜,品木宣言,hermes,e
2016-08-02-03-20-07.txt,2,的校园导览图，每一栋建筑皆清楚的标识，清楚地看到自己穿越了三分之二的成大，接下来终于要准备迈入精采的︽⊙＿⊙︽校区,茉莉花,光复,前台,开衩,天籁,b
2016-08-02-03-20-07.txt,4,它的对面就是︽⊙＿⊙︽温泉博物馆、图书馆等，到︽⊙＿⊙︽主要景点，步行几分钟就可以到了,豆腐店,武岭,跨海大桥,亲水,北投,e
2016-08-02-03-20-07.txt,5,『垦丁休闲飞靶射击场』位于︽⊙＿⊙︽，不过离大家熟知的『︽⊙＿⊙︽市区』有段距离，它位在『网纱里坑』，反正是一个还挺,汤野,恒春,标高,松德路,樟树,b
2016-08-02-04-22-13.txt,2,我觉得如果恢复原价，一间房要价三千多，以饭店所在的位置以及目前这样的水准，实在很难跟︽⊙＿⊙︽其它的饭店竞争，如果有像这样一千元左右特价的话，我才会考虑入住,水洞,番茄,男童,台中,航空公司,d
2016-08-02-04-22-13.txt,1,从民国79年良金牧场为处理酒糟过剩污染海洋问题而饲养︽⊙＿⊙︽酒糟牛，现在特别推出︽⊙＿⊙︽和牛等级的酒糟牛肉面,楼梯,金门,圆弧,家家酒,财团,b
2016-08-02-04-22-13.txt,5,︽⊙＿⊙︽的湿气很重，梯面并不大，所以一不小心会踩空，所以，在上下楼梯的时候要特别特别的小心,回房,山上,山房,桥头,锦记,b
2016-08-02-04-22-13.txt,3,是否注意过超市及大卖场贩售的茭白笋，标示产地大多是埔里，因为茭白笋最大种植地正是︽⊙＿⊙︽，自然也,龙井,南投埔里,西港,柿饼,原生,b
2016-08-02-04-22-13.txt,4,每年的六月、七月，都是︽⊙＿⊙︽的主打旺季，dolce &amp; gabbana不免俗的也在夏季彩妆lace系列下推出了︽⊙＿⊙︽，单从外包装的黑色lace花纹就相当地引人入胜，再压上金色的dolce &amp; gabbana字体logo，相当地美丽，如果说这支︽⊙＿⊙︽上的lace摸起来是稍微有些立体感的握感，那就真的会是相当吸引人的作品,睫毛膏,教主,cartier,流体,专科化妆水,a
2016-08-02-05-24-21.txt,2,使用一卡通pass和信用卡，前一小时都是免费！比︽⊙＿⊙︽ubike还优惠，有差别的是第二小时之后，一卡通是10元，信用卡是20元！,优格,台北,澹宁居,照片,质量,b
2016-08-02-05-24-21.txt,1,︽⊙＿⊙︽的部份也是以裸色肌调为主，仅管有粉红色，也是稍微调暗一些的粉红色，整个系列沉稳、成熟，却又相当具有吸引力,指甲油,人性,阿修罗,白茅,小酌,a
2016-08-02-05-24-21.txt,5,这些户外艺术装置很有趣，听说是︽⊙＿⊙︽学生的作品，不止是好看而已，还真的可以走上去、甚至爬上去体验与欣赏风景，其中那个可伸展出去的树屋，让我想到小时候看的汤姆历险记卡通,天仁,永安村,实践大学,玛家,花坊,c
2016-08-02-05-24-21.txt,3,在这对面就已经看到整片的︽⊙＿⊙︽稻田，这天的阳光已经把那整片绿油油　照射得让人会倒吸口,三福路,池上,艺廊,汤宿,意诚里,b
2016-08-02-05-24-21.txt,4,平常外出的时候也可以倒一点点在︽⊙＿⊙︽松粉里头定妆用 让普通的︽⊙＿⊙︽也多了一层保养的功,缺点,aesop,夹心,安美诺,蜜粉,e
2016-08-02-06-26-27.txt,1,"sport bra: adidas, dress: oasis, skirt &amp; rubber sandals: topshop, ︽⊙＿⊙︽: asos, necklace: h&amp;",earrings,牛群,老店,结帐,欧霸,a
2016-08-02-06-26-27.txt,2,这次的魅影盛宴亮体︽⊙＿⊙︽是kojima以红蔷薇花瓣的优雅渐层色泽为发想，设计名为 violetta的面具，以蔷薇花,香屋,蜜粉饼,物料,蔡先生,炸串,b
2016-08-02-06-26-27.txt,3,"目前冰品有招牌上这几种口味,帆帆猫最推荐的是︽⊙＿⊙︽跟凤梨喔~酸酸甜甜幼绵绵,入口即化很好吃喔^",太香,二氧化,西湖,大鹏湾,芋头,e
2016-08-02-06-26-27.txt,4,︽⊙＿⊙︽海牛车+普天宫→游客服务中心→过湖农庄-fresh saladay~水耕蔬菜→※宏明海产餐厅-做伙来办,遗迹,吉蒸牧场,大甲芋,芳苑,竹子,d
2016-08-02-06-26-27.txt,5,有大罐的雪肌精化妆水+小罐美白︽⊙＿⊙︽+小块洗颜皂，内容物都很实用唷！化妆水是360ml的容量,铃兰,pupa,lauder,乳液,米糠,d
2016-08-02-07-28-35.txt,1,拉维洛ravello其实这个名词来自于义大利，在网路上搜寻可以知道这是一个位于那不勒斯近郊阿玛菲海岸附近海拔350米，藏身青山翠谷中的美丽山城里的小镇，但，位于花莲的拉维洛虽然不位于山城中，但这里却可以眺望美丽的︽⊙＿⊙︽,光碟,太平,作息,社长,孩子王,b
2016-08-02-07-28-35.txt,4,︽⊙＿⊙︽旁的美丽国小，和︽⊙＿⊙︽连接的部分目前仍在施工中，建筑看来古色古香,名号,仁武,顶溪社区,朱铭,孔庙,e
2016-08-02-07-28-35.txt,3,在吊︽⊙＿⊙︽会有工作人员进行验票并且进行人数控管，考量维护及安全性，本桥限制重量1200公斤约15人通行,桥头,名店,朝日号,连江县,汽船,a
2016-08-02-07-28-35.txt,2,另外，满15000的同时还有附赠一支奢华订制cc︽⊙＿⊙︽#400 精巧版，特别拿一支同样是#400的奢华订制cc︽⊙＿⊙︽来比对一下整个size的落差大概如照片，不过以精巧版能做到如此，成本其实也相当高了，用心的是不会因为是精巧版就改成黑色口红瓶身，反倒继续延续奢华订制cc︽⊙＿⊙︽的红色瓶身概念，而且份量十足，又是#400正红色，偶尔想要很既定的美丽就能很轻巧的幻身,唇膏,耗资,明伦,地形,刮皮,a
2016-08-02-07-28-35.txt,5,︽⊙＿⊙︽温馨小栈梦想馆，拥有绝佳的景色、备有超舒服按摩椅、泡澡浴缸、间间四人房配置,台中县,宜兰罗东,割稻,大甲芋,掌柜,b
2016-08-02-08-30-44.txt,1,4月雪油桐花才刚追完，5月初就接着赏金针花！沐心泉休闲农场金针花海位于︽⊙＿⊙︽，大致位置在安妮公主花园和薰衣草森林之间，沿着薰衣草森林指标走，过了中和国小不久注意左手边,寿司,聚光,层次,台中新社,版子,d
2016-08-02-08-30-44.txt,2,..店家介绍是︽⊙＿⊙︽国宴名菜..以鸡肉猪肉虾仁剁成泥后熬成高汤加入玉米粉..等凝固成形沏成小块状裹粉下去炸成金黄色.,腹部,蓝底,宜兰,海鸥,出境,c
2016-08-02-08-30-44.txt,3,虽然现在还是寒冷的冬天，但遇到台北难得一见的阳光总是特别兴奋，太阳公公就是有让人热血的魔力，因此我们说走就走，决定前往︽⊙＿⊙︽戏水。从台北市走高速 公路其实很快就可以抵达了，但因为我们先去淡水一趟，所以只能走洲美快速道路，开了一个小时才抵达淡水，然后又开了４０分钟才抵达金山，果然是热血行程,国界,景区,嘉义东石,百里香牛肉面,北海岸,e
2016-08-02-08-30-44.txt,4,所以最后还是挑了老梗但安全的br-1以及在︽⊙＿⊙︽眼影比较少见的橘色系or-6,冰晶,水妍焕白,橘树,visee,乳油木,d
2016-08-02-08-30-44.txt,5,根据蟹子提供的情报，︽⊙＿⊙︽乡在台9线上的章，晚上还有开的店，山海关加油站就是一处，顺利找到,达仁,林地,淡水渔人码头,绿色隧道,平行,a
2016-08-02-09-32-50.txt,2,这时我打算继续北上，往︽⊙＿⊙︽前进。但朋友说继续走西滨海线危险，还是切回较为热闹的台1线吧,台中,前卫,病人,玛莉,友情,a
2016-08-02-09-32-50.txt,1,导入仪器与特调的保湿产品一起在脸上不断的游走~会听到一种导入仪器发出来的吱吱细声~而保湿的产品小樱桃觉得像是介于凝胶跟︽⊙＿⊙︽间的质感，光做完保湿导入，我就觉得我的脸好保有水分喔,冒险,滑车,乳液,专业,地标,c
2016-08-02-09-32-50.txt,3,明明睡好饱，黑眼圈也没有改善的意思，明明︽⊙＿⊙︽都有在涂抹，黑眼圈也没有消失的打算...,cosme,保养品,恋爱魔镜,网拍,功能性,b
2016-08-02-09-32-50.txt,4,虽然说︽⊙＿⊙︽度不是我用过最好的啦，但快速拍一下就还是可以把黑眼圈什么的都盖得差不多了,laduree,冷宫,cosme,银粉,遮瑕,e
2016-08-02-09-32-50.txt,5,好一段时间以来爬文的心得，还满多人都推荐︽⊙＿⊙︽的，而且当时台湾还买不到！要买就得,拉提,面油,fendi,肌研白润,clarisonic,e
2016-08-02-10-34-59.txt,1,一年没再踏入︽⊙＿⊙︽，这里变化真的相当多，不知道下次再踏入这块土地，是否又会有不一样的感觉呢,垦丁,凉拌菜,边框,生田,金金,a
2016-08-02-10-34-59.txt,3,顺待提一下，来之前我无知的以为华泰瑞苑在︽⊙＿⊙︽就看不到海，殊不知不管是山还是海，房间都看得到，海景套房真的没有乱唬烂!,边间,锦记,大姐,桥头,山上,e
2016-08-02-10-34-59.txt,2,听说台湾的原住民中以排湾族、鲁凯族及︽⊙＿⊙︽族的珠子较具特色。而其中好像又以排湾族的琉璃珠最出,皮格,卑南,甲油,霓净思,语言,b
2016-08-02-10-34-59.txt,4,，至少条状这样挤，也方便许多，而且一条也很便宜，当作基础︽⊙＿⊙︽就算现在天气很热，天天肤也都不会太心疼，带到脖子、手臂、胸口甚至是背,kerastase,固齿,freshel,金箔,清洁面膜,e
2016-08-02-10-34-59.txt,5,从认识kevin到现在，︽⊙＿⊙︽几乎是我们每年必游的景点，周边的景点能玩的几乎都玩了,垦丁,社头,朴子,恋夏,花田,a
2016-08-02-11-37-06.txt,3,简单地拿我本来就一直都有在用的一般型和特卖会到手的润透光型做质地上的相比，一般型就是基本的透明凝胶感，当然还有唤颜凝露最独特的味道！润透光型就是一种宛如饰底乳的粉色感，看起来很像粉底，但其实比较单纯是一种饰底乳，但基本上，没有任何的︽⊙＿⊙︽力，而是一种给你肌肤的润透光感,cosme,皮脂腺,遮瑕,脚毛,laduree,c
2016-08-02-11-37-06.txt,1,︽⊙＿⊙︽扑和第一代是大同小异的，同样很柔软，很好摸，但蝴蝶杰的部分，第一代是淡粉色，反而是第二代是桃粉色，略有不同，但粉扑都相当柔软、好摸,蜜粉,郊游,出力,蛋蛋,列车,a
2016-08-02-11-37-06.txt,2,2009年帮︽⊙＿⊙︽草莓季开发的︽⊙＿⊙︽草莓饼干，一同开创了︽⊙＿⊙︽草莓季的观光盛,鬼混,情景,小护士,大湖,爱马仕,d
2016-08-02-11-37-06.txt,5,宜兰县︽⊙＿⊙︽湖北村的螃蟹冒泡是夏天消暑的好去处，地点位于从员山过了茄苳桥后台九甲线路旁，是通往双连埤与福山植物园的必经之地。大湖地区由于水源丰沛，所以很多地方都有涌泉，此地就是一处自然形成的地底涌泉区。此处位处沙地，地底下有十几个直径大约10公分的小洞，当地下水从池子底部涌出时，会从池底冒出很多的小泡泡，池底的细沙会随着泡泡翻动，感觉很像螃蟹吐泡泡，故此地被当地居民称为『毛蟹冒泡』&lt;此段引用,一带,东东芋圆,玉井,员山乡,阿凯,d
2016-08-02-11-37-06.txt,4,喜欢米堤的假山瀑布，喜欢它的豪华门面，喜欢它的附加设施，更喜欢米堤全体上下员工给人宾至如归的服务，这趟︽⊙＿⊙︽行能有个舒服的一晚都拜米堤所赐，我相信米堤给顾客的好印象，也会使饭店价值提升，再者︽⊙＿⊙︽高级的饭店不多，回锅率一定是高居不下的,美术馆,秋意,轻井泽,顶溪社区,溪头,e
2016-08-02-12-39-15.txt,1,"跟 白金 platinum还有下面要介绍的 水银 mercury 一样,都是在霓采︽⊙＿⊙︽霜这",元祖,眼影,工场,矿车,一碟,b
2016-08-02-12-39-15.txt,2,而是这里环境还算干净又有冷气~所以已经很习惯到︽⊙＿⊙︽会先坐到陈家里点些小东西来,画上,安平,外皮,概念,投影,b
2016-08-02-12-39-15.txt,3,老爷大饭店在旗下有~台北老爷酒店、新竹老爷酒店、知本老爷酒店及︽⊙＿⊙︽老爷酒店,民艺街,礁溪,桑拿,山上,瓦城泰国料理,b
2016-08-02-12-39-15.txt,4,皮脂分泌旺盛的年轻肌肤，容易成为青春痘菌的乐园。痘菌释放出解脂酵素来分解肌肤过多的皮脂，将皮脂转化为它们的美食，剩下的残余物则变成游离脂肪酸，刺激毛孔，引起发炎症状。︽⊙＿⊙︽特别针对痘菌的饮食习惯下手,艾杜纱,origins,茶籽油,红魔束,婊姐,a
2016-08-02-12-39-15.txt,5,"""这里简单的纪录一下修护和完成后的模样，希望未来龙田役场这么棒的地方可以做更多元的功用，因为不靠政府保存，需要靠民间的力量把这个历史建物保留下来，当然修护或维护老屋，也需要认同理念的人一起出钱出力，如果要捐款，请洽役场脸书上的联络方式。目前这里不定期举办一些有趣的活动和市集，大家有空来台东，不妨来这个特别的老屋走走。︽⊙＿⊙︽鹿野乡龙田村光荣路135""",火车头,中山,旅晶,台东县,宜兰头城,d
2016-08-02-13-41-21.txt,1,这里的池是直接与外面的︽⊙＿⊙︽相通的，所以除了鱼外，也有机会钓到螃蟹及其他海里生物,牛骨汤,淡水,水解,泰铢,靠柜,b
2016-08-02-13-41-21.txt,4,鱼的部分，招牌酱烤台湾鲷也很好吃唷~~酱汁︽⊙＿⊙︽入味，这盘一下子就被秒杀啦x,馅料,平溪乡,太酸,关山,烧烤,e
2016-08-02-13-41-21.txt,3,除了咖啡本身的香醇吸引不少饕客之外，3d壁画及老夫子的︽⊙＿⊙︽让美仑咖啡成为近来很夯的景,野柳,特区,彩绘村,阿家,台中金典酒店,c
2016-08-02-13-41-21.txt,2,正兴街与国华街交岔路口~︽⊙＿⊙︽甘味处、小满食堂、iori tea hous,格兰德,正色,蜷尾家,乔巴,一皿,c
2016-08-02-13-41-21.txt,5,巴洛克建筑，是︽⊙＿⊙︽的特色　左右牌楼的不同建筑　在在代表了那个年代的那些故事,大溪老街,修建,水源,汕尾,小琉球,a
2016-08-02-14-43-31.txt,1,站在︽⊙＿⊙︽车站会有一种错觉，怎么前面是木造的车站，后面又是现代化高架的车站x,竹田,桃色,毛色,乐福鞋,视力,a
2016-08-02-14-43-31.txt,2,花东的海味：路边现杀海胆、阿美族熏烤飞鱼、新社噶玛兰野生龙虾、︽⊙＿⊙︽旗鱼大,恩赐,成功,烤盘,法义,玩色,b
2016-08-02-14-43-31.txt,3,nereus高效渗透︽⊙＿⊙︽真的精华液超水润～敷上去会觉得补给了好多精华在脸上,蔡亮,刷毛,保湿面膜,uemura,suqqu,c
2016-08-02-14-43-31.txt,5,一口咬下才发现，这︽⊙＿⊙︽酥里有真材实料的︽⊙＿⊙︽馅，甜而不腻还包藏着麻糬在内，也让入口的感觉更有层次,大鹏湾,手艺,高粱,西湖,芋头,e
2016-08-02-14-43-31.txt,4,画中记录当时儿童衣物与桌上很赞的玩具，可以看出这家中小孩受到宠爱的程度，墙上的日历11月12日正巧是孙︽⊙＿⊙︽生日应该是别有含意,乡村,新盖,湖西乡,莫内花园,中山,e
2016-08-02-15-45-39.txt,2,鄂王社区邻近宜兰河支流︽⊙＿⊙︽沟，清朝船运兴盛之际，百工匠师汇聚在此，修筑城内庙宇,西门,小碗,瘦子,莫代尔,围裙,a
2016-08-02-15-45-39.txt,1,✦ 全新瞬白奇迹持久︽⊙＿⊙︽升级版 spf50+ pa++   30ml  nt$1800  全6,梯田,粉底液,白木,芒草,杂货,b
2016-08-02-15-45-39.txt,4,永远买不够买了还想再买，用了还想再用，我日常妆容超过一大半都是用︽⊙＿⊙︽来完,百合花,青汁,霓净思,身体防晒,lunasol,e
2016-08-02-15-45-39.txt,3,到︽⊙＿⊙︽北竿，除了芹壁聚落是个很值得待的地方，其他地方也是可以去走走拍照，骑摩托车大概花个半天就可以逛完,晶华酒店,马祖,指引方向,周家庄,历史性,b
2016-08-02-15-45-39.txt,5,话说，走这一趟︽⊙＿⊙︽，真的看到很多风灾的后续影响、或是整建工程仍在持续啊.....,台东,田山,闽南书院,四草大桥,玉泉,a
2016-08-02-16-47-48.txt,1,周六下午来到白河靠近台南与︽⊙＿⊙︽交界的小村落，乡间的一条小道上，初夏的此时，整条路上都散发着金黄色的光芒~,疹子,嘉义,恰恰好,汉娜,木舟,b
2016-08-02-16-47-48.txt,3,周休懒懒的起床后，从世贸/101站 前往东门站，前往︽⊙＿⊙︽街很有名的早午餐『eating time,西门町,大陆,中寮,小吃,永康,e
2016-08-02-16-47-48.txt,4,要不然一样是花东纵谷一样的水源，为何︽⊙＿⊙︽、富里或关山就是没有池上米的名号呢,玉里,双连,御室,一心一路,安平港,a
2016-08-02-16-47-48.txt,2,"""继续往︽⊙＿⊙︽村方向走，沿着瑞峰国小的围墙边往下开，就会抵达""""黑糖农庄""""，他们可是面包大师""""吴宝春""""指定选用的黑糖^""",烤贝,娃娃,关山,脑海,乳酸,c
2016-08-02-16-47-48.txt,5,南投的腹地很大！埔里算是离台中来说距离算近的一块，也是通往日月潭、清境、︽⊙＿⊙︽、纸教堂等地方会经过的区块,旗津,驾车,九族文化村,人潮,七美岛,c
2016-08-02-17-49-56.txt,1,mac antonio lopez ︽⊙＿⊙︽ face palette – limited edition – $46.5,台词,腋毛,pink,乐扣,老房,c
2016-08-02-17-49-56.txt,2,番茄可以生食，也可以入菜，是营养丰富、物美价廉的健康蔬果，每天吃番茄更是对健康有很大的帮助。台︽⊙＿⊙︽的农业改良场为了让番茄能耐热栽种，特地从亚洲蔬菜中心进行杂交授粉，这个中心成立于1973年，是亚洲银行与美、日、韩、泰、菲和台湾共同赞助，专门从事热带蔬果改良的研究，从成立以来，就不断搜集世界各地各种蔬菜作物的种源，对国内蔬果的品种改良帮助非常大,腰头,南区,粉红,黛安娜,学会,b
2016-08-02-17-49-56.txt,4,把︽⊙＿⊙︽从盒子里面拿出来看看，可以发现每个︽⊙＿⊙︽都有一个精典的娃娃头呢,于刚,prada,cleansing,夹心,指甲油,e
2016-08-02-17-49-56.txt,3,我也喜欢南方庄园的早餐，同样是自助吧的方式提供，有现煎欧姆蛋、太阳蛋、︽⊙＿⊙︽式多样餐点，面包、沙拉、优格、咖啡机、果汁、牛奶等等,中西,灵魂,鹅姐,金仑,苓雅区,a
2016-08-02-17-49-56.txt,5,"""浴室里的盥洗用沐浴乳、洗发乳。再来看看早餐吧！康桥的早餐真的是令我惊艳，一晚2000左右的住宿，早餐竟然如此丰盛！峰大不讳言曾经在台北︽⊙＿⊙︽住宿一晚4000元的旅馆，早餐还不如康桥商旅呢""",园站,跨海大桥,武岭,北投,延途,d
2016-08-02-18-52-03.txt,2,哈，我终于到了这个奇形怪状的博物馆了！之前看到好多人在介绍这个特别造型的︽⊙＿⊙︽时，就一直很想去！这次宜兰行的行程虽然是在罗东，可是我还是骑着摩托车从罗东奔去头城，幸好原本下着雨的天气转为了阴天，不晒又舒服，慢慢骑着机车晃到头城，不过有点远，骑久了还真累咧,梅子,影子,口袋,兰阳博物馆,手环,d
2016-08-02-18-52-03.txt,1,为了怕大家走路会把︽⊙＿⊙︽漏出来~另外还有贴心附上一个小贴纸可以把封口贴制优!!这样保养液就可完全密封在里面,茶坊,精华液,味全,共生,全州,b
2016-08-02-18-52-03.txt,3,"""原本是打算把另一瓶完美靓亮水︽⊙＿⊙︽送给你们的 但我真的太干就直接拆了先使用""",山梨醇,holika,精华液,smashbox,鼠尾草,c
2016-08-02-18-52-03.txt,4,同行这一团里不只3c类的，有各领域的部落客，所以有些是小米认识的朋友，有的真的是第一次见面，还好工作人员有帮忙介绍了一下，从台北到云林︽⊙＿⊙︽大约要三小时的行程式，所以大家就开始 zzzz....z.z.z..z.zzzz了,紫宸殿,竹子湖,宝岛,虎尾,东海大学,d
2016-08-02-18-52-03.txt,5,接着要分享一下的是这阵子平常的上班妆，可以看看不用色系︽⊙＿⊙︽画起来的感觉这样唷,消肿,neom,眼线,蜜葳特,皂类,c
2016-08-02-19-54-11.txt,1,这是昨晚在麦当劳的战利品~日本的kitty~今天跑去了︽⊙＿⊙︽晒晒太阳~其实这篇文章不太多的文字...只是想让大家看看艳阳高照的海边~因为每年夏天~好像就是该到海边走走~或许~不是玩水~或许就只是单纯地看看海,单品,大战,桂圆,北海岸,燕窝,d
2016-08-02-19-54-11.txt,3,说真的，除了在︽⊙＿⊙︽之外，熊几乎没有对任何台湾其他地方的饭店bar有任何感,都兰,米兰,汕头火锅,品茗,台北,e
2016-08-02-19-54-11.txt,2,︽⊙＿⊙︽车站奇特景观，︽⊙＿⊙︽村的纯朴宁静的村庄，貂山古道的幽静清闲步道，各各让我印象深,卫衣,离境,牡丹,高铁,间距,c
2016-08-02-19-54-11.txt,4,明明很忙的二姐，还抽时间带我们到镇上吃饭，真是太热情。原本要去吃消防局旁边的无名板条，结果关店，改去中正路后方︽⊙＿⊙︽街上的日胜饮食店，这间可是间老店，以前蒋经国先生曾来吃过三次，生意很好，假日没订位应该没的吃，里面都是道地的客家菜,海面,福隆,义大世界,和平,医学,d
2016-08-02-19-54-11.txt,5,︽⊙＿⊙︽的这个发电厂非常现代化，非常环保，干净到都可以随时让人参观的地步，是台湾垃圾发电厂的先驱之一。如果你身边有带着小朋友的话，不妨顺便上个机会教育，培养小孩环保的概念,扇形车站,树湖,高雄,西湖,奥克兰,c
2016-08-02-20-56-19.txt,1,落羽松的叶姿轻盈飘逸，掉落时似如飘落的羽毛，很是优雅，我们这天十点从︽⊙＿⊙︽出发，既赏美景又吃到地方美食，四点刚好回︽⊙＿⊙︽接小孩下课，好完美的时程~,板桥,肚肚,肯吉丘,用心,沙朗,a
2016-08-02-20-56-19.txt,2,店内招牌是知名的︽⊙＿⊙︽冰淇淋，怀念的古早味枝仔冰，在深坑也吃得到，这间︽⊙＿⊙︽冰淇淋店，有提供各式各样的口味选择,大奖,深坑豆腐,意愿,城中心,线笔,b
2016-08-02-20-56-19.txt,4,不过时间过的很快，很快的就到出发的时间，于是大伙儿在︽⊙＿⊙︽高铁站集结后，准备向福寿山出发！,田村,来品,大员,赏桐花,台中,e
2016-08-02-20-56-19.txt,5,车上使用的是garmin的导航系统，如果是从家车带的话可能来到︽⊙＿⊙︽也找不到路，这里集结了︽⊙＿⊙︽所有热门旅游景点，就像我事先没做太多功课，直接使用导航内的景点到处玩,展馆,通化街夜市,米亚丸,竹南,金门,e
2016-08-02-20-56-19.txt,3,︽⊙＿⊙︽码头沿岸有一整排的苦楝花，虽然数量不少，不过多属幼木不大株，一眼望过去并没有美丽的感觉，还是近观特写比较水。苦楝花的花心为深紫色，四周花瓣为白色，经过会闻到一股独特香气，苦楝素据说可作为高效杀虫剂,瑞穗,埔里酒厂,淡水,艺术,兴隆路,c
2016-08-02-21-58-27.txt,2,古都︽⊙＿⊙︽，除了有著名的美食外，更是一本活教材，两天一夜的︽⊙＿⊙︽轻旅行，let's go,佐餐,五色,台南,药妆店,书柜,c
2016-08-02-21-58-27.txt,1,"很厉害, 他除了能修饰肤色之外, 还有超高的的防晒系数, 而且︽⊙＿⊙︽力很好",海盗,歇角,遮瑕,区位,联络,c
2016-08-02-21-58-27.txt,4,今年圣诞彩妆。默默的被︽⊙＿⊙︽的超值组合点火以后....也默默的订了美谛高丝的圣诞组,lunasol,霓净思,肌能,补货,身体防晒,a
2016-08-02-21-58-27.txt,3,蕃薯藤有机手工烘培就位于大溪tina厨房隔壁，几位友人都给予蕃薯藤的有机面包好评价，连远在苗栗︽⊙＿⊙︽开民宿的前长官，都是采买这家的面包来当客人的早餐点心,安平港,南庄,筲箕,村岗北路,阿淳,b
2016-08-02-21-58-27.txt,5,走→松园别馆喝咖啡→远雄悦来大饭店休息→花莲夜市吃小吃→︽⊙＿⊙︽店→海埔蚵仔煎→来成排骨面→回饭,香肉,桃园市,金枣,永安,公正包子,e
2016-08-02-23-00-35.txt,2,天台一直都是︽⊙＿⊙︽的重要指标，这栋楼现在也很方便，里面有很便宜的火锅店，也有很便宜的ｋｔｖ，还有很便宜的ｍｔｖ,信仰,三格,消费者,三重,名代,d
2016-08-02-23-00-35.txt,1,我瞄了那蛋饼一眼没表示意见，因为那张蛋饼照是大没错，但好像也没有太过厉害的样子，不过因为我没作功课，也不知附近那有好吃的，只好被肚子饿的咕咕叫的右上带到︽⊙＿⊙︽老街，更正确的是︽⊙＿⊙︽传统市场旁这间在台北我经过一百次也不会走进去的店..,便利性,沙美,英文字母,淡妆,唇况,b
2016-08-02-23-00-35.txt,3,这是我第二次去香草菲菲，九月中员工旅游的行程和我今年四月初和朋友去的行程︽⊙＿⊙︽小,三貂岭,尚德,政府,市长,大同,e
2016-08-02-23-00-35.txt,4,这个我之前在︽⊙＿⊙︽夜市有看到，一次要一百块，这边一颗只要30元，还挺划算的勒,环路,台南,三貂岭,王公,树林,b
2016-08-02-23-00-35.txt,5,因此 台北=&gt;︽⊙＿⊙︽天元宫=&gt;︽⊙＿⊙︽阿给=&gt;回家睡觉 这样的行程就出现,埔里酒厂,兴隆路,淡水,凌霄阁,雁塔,c
2016-08-03-00-02-43.txt,2,夜晚伴随阵阵蛙鸣到天亮，可惜当天云层太厚，看不到日出，改走到民宿斜对面的︽⊙＿⊙︽国小晃,隙顶,全餐,条码,光头,大家庭,a
2016-08-03-00-02-43.txt,3,而且它的︽⊙＿⊙︽我这边就要详细地大力称赞一下了 比起台制平价的面膜︽⊙＿⊙︽ lululun的︽⊙＿⊙︽比较没有那么,酸碱,染剂,holika,smashbox,精华液,e
2016-08-03-00-02-43.txt,1,另外在彩虹来了旁边的一间小小的老房子里，也新开了一间可爱的散步甜食店”︽⊙＿⊙︽”，卖的是相当浓郁美味的冰淇淋和一些小点心，虽然老房子的店面很小，但是却布置得相当有日本味，好像在京都里的一些小店，十分有味道,戒指,毒素,蜷尾家,机票,眼袋,c
2016-08-03-00-02-43.txt,5,很久没到︽⊙＿⊙︽了，其实现在︽⊙＿⊙︽是个很棒的休闲旅游去处。现在又多个滑水活动可以体验喔,茶坊,邮局,合富轮,桃园机场,莲池潭,e
2016-08-03-00-02-43.txt,4,后来我只好非常认真的早晚都保养，外加偶尔还会宵夜湿敷个经典有机植萃系列︽⊙＿⊙,蔻萝兰,化妆水,holika,纹路,水肿,b
2016-08-03-01-04-51.txt,1,这次新入手的开架castledew︽⊙＿⊙︽其实手滑到很扯的程度完全都是自己烧自己,平菁,冷凝,眼影,技能,木造,c
2016-08-03-01-04-51.txt,3,媒体记者会当天还特别从日本请来植村秀的国际艺术总监来示范这季秋冬brave ︽⊙＿⊙︽的彩妆趋,全馆,乳是,音波净肤仪,beauty,淡斑精华,d
2016-08-03-01-04-51.txt,2,与我的肤色搭配起来，整个就是『完美』两字形容，要让我喜欢的︽⊙＿⊙︽，真的不容易找,唇膏,港剧,客邦,开园,眷村,a
2016-08-03-01-04-51.txt,5,吃饱喝足继续在︽⊙＿⊙︽台2线上奔驰，车子开过三芝市区，看到民主公王水车园区指示牌右转100公尺即达，这里距离越南小栈约10分钟车程，三芝市区不到5分钟车程,百里香牛肉面,嘉义东石,北海岸,溜滑梯,热血,c
2016-08-03-01-04-51.txt,4,旅行组内的化妆水是跟我买的一样的浓厚款化妆水，︽⊙＿⊙︽的话这是我第一次用，还满好用的耶...,水彩,乳液,pupa,果香,lauder,b
2016-08-03-02-06-58.txt,1,还有尼力一直想去的白树社区小小︽⊙＿⊙︽，我也很喜欢︽⊙＿⊙︽，感谢尼力带我踩了一个新景点,无菜,彩绘村,临场,八辑,鞋带,b
2016-08-03-02-06-58.txt,2,通常这要那种做得非常滋润浓稠的︽⊙＿⊙︽才有办法做到 要像百匡这瓶一样单纯清爽的水状根本不可能!!,客气,化妆水,顺路,政府,铁皮,b
2016-08-03-02-06-58.txt,4,比起#petal ︽⊙＿⊙︽颜色更红一点、橙一点、珊瑚一点，饱和度更好，但同样是暖色的呈现，如果想要更存在感的色调，但又是比较安全一点的，就可以参考这个#coral reef，柔嫩粉彩的珊瑚色调,实搭性,pink,蛋肌,diptyque,derma,b
2016-08-03-02-06-58.txt,3,因为邻近︽⊙＿⊙︽的关系，所以可以看到不时冒烟的大烟囱，社区居民还提倡环保，向︽⊙＿⊙︽要废材来重新打造出家具用品再贩售，而椰子壳则可以重新再造二胡，让废物再次利用,合富轮,南屯,办理,工业区,岩山,d
2016-08-03-02-06-58.txt,5,最值得称许的是，除了隐约的浮雕chanel logo外，下方压有法文joie de vivre字样，意思指生活的乐趣，甚至是生活的热情等 ...，除此之外，没有再讨人厌的压上make up或是︽⊙＿⊙︽等字样，反而让这样chanel结合joie de vivre，更有种值得珍藏的时尚感,小罐,sonicare,smashbox,skincare,黑珍珠,d
2016-08-03-03-09-08.txt,1,带小孩来︽⊙＿⊙︽，好像逃不过给他们喂鱼这关，妹妹每次都要喂一盒才要走xd，这里也有单车可以租借，不过民宿有提供，可以省下一笔,汤底,罗东运动公园,扣式,理想,纹面,b
2016-08-03-03-09-08.txt,2,"""tweed 饮料！！毛呢可乐　毛呢果汁tweed ︽⊙＿⊙︽.　毛呢茶 tweed tea. 太想喝了""",小池,orange,壁面,皮鞋,网路线,b
2016-08-03-03-09-08.txt,3,基本上这侧桥是以铁网交织而成，再舖以木板、花花草草交缠，有一种︽⊙＿⊙︽的氛围,吉蒸牧场,绿色隧道,台中,霍夫,车族,b
2016-08-03-03-09-08.txt,5,加完油之后我们回饭店休息，顺便讨论一下接下来的行程，因为︽⊙＿⊙︽结束之后，就开始我一个人的旅行，要跟其他伙伴们分道扬镳，这才开始感觉到有环岛的fu出现了!,店集,炎炎夏日,垦丁,社头,朴子,c
2016-08-03-03-09-08.txt,4,老卫嗑了二碗鲁肉饭，边吃边说口味很像︽⊙＿⊙︽的第一肉羹鲁肉饭。鸟先生觉得这鲁肉饭的肉燥很细碎，嚼不到什么肉感，但是油香很够，属于吃香气的一味,黄澄澄,宜兰,新庄,白河,安康,b
2016-08-03-04-11-16.txt,3,新北市嘉年华商圈持续来到第二条线，这次我们走访坪林、深坑商圈，安排一日游是个很不错的休闲好去处，来看看我这次规划玩了什么样的地点，当然坪林老街和︽⊙＿⊙︽是绝不会错过的好地方，跟着我一起走吧,深坑老街,瓦城泰国料理,冠头,神蝶篇,畚箕,a
2016-08-03-04-11-16.txt,2,在︽⊙＿⊙︽乘凉后，到了允嘉和小啾的午睡时间，所以我们先回文子家小歇，以迎接傍晚的安平庆平海产大餐，庆平一整桌海产满汉全席，鲜味美味满点，但因为有长辈在不好意思拍照，所以就没办法分享给大家留口水啦,孔庙,全妆,魔镜,个性,酸度,a
2016-08-03-04-11-16.txt,1,再回到这次的重点星钻漾采︽⊙＿⊙︽的#313黄昏，真的可以说是神级美丽的梦幻配色，以黄昏为名，就像是夕阳辉映，映射出来的各种金色、大地色，甚至是暮光的薄暮色调，就这样把一个美丽的黄昏美景，搜罗进一盒星钻漾采︽⊙＿⊙︽之中,德寿宫,泳裤,眼影,数人,黑手,c
2016-08-03-04-11-16.txt,4,来到这里品尝第一杯︽⊙＿⊙︽咖啡，在这里可以看到所喝的咖啡，是经过如此多道手续才能完成所喝的精华,泰武,院长,文山,海洋牧场,座标,a
2016-08-03-04-11-16.txt,5,703︽⊙＿⊙︽~台北※固定班假日停 台北客运 ︽⊙＿⊙︽二站总站 下车步行至老街约15分,三峡,总汇,东引,新埤,红面,a
2016-08-03-05-13-24.txt,1,然后是腮红的部分，我买了两块 ...，外盒属于方形，边边角角带点弧度，同样是全黑钢琴烤漆的外盒，唯在正中间的部分烙有大大的gg logo，精品的同时也相当霸气，就是相当︽⊙＿⊙︽这几年的logo风格,gucci,天色,三馆,珍珠,古式,a
2016-08-03-05-13-24.txt,3,首先，礼盒包装也就是︽⊙＿⊙︽ 一贯的硬礼盒，虽然没那么有新意，但也经典，而且质感也够好，我自己都会留这样的︽⊙＿⊙︽礼盒，拿来收纳堆叠起来好看、美观，同时又实用，上面还是很单纯的︽⊙＿⊙︽ logo而已，也没有杂七杂八的字样干扰,水货,羽翼,手部保养,neogence,chanel,e
2016-08-03-05-13-24.txt,2,"就算国外来的观光客朋友,也可以从桃园机场搭捷运到︽⊙＿⊙︽后坐国光客运直达宜兰了耶!!high不high!",南港展览馆,酱子,逆龄,午觉,芳香,a
2016-08-03-05-13-24.txt,4,，基地面积六千七百多坪，总楼板面积七万一千三百六十三坪，是全台︽⊙＿⊙︽单馆最大分店,新光三越,悟饕,农路,春水,彩虹桥,a
2016-08-03-05-13-24.txt,5,而且推没几下︽⊙＿⊙︽很快就被肌肤通通吸收　肌肤会透出充满水感的光泽就像是都把水吃进去了一,水凝冻,lavshuca,专科,baviphat,植物油,a
2016-08-03-06-15-32.txt,1,交通指引：由︽⊙＿⊙︽搭乘客运到新屋总站下车后，经中正路进入110巷步行约5分,中坜,蜘蛛人,面板,项链,镜光,a
2016-08-03-06-15-32.txt,2,以往要麻烦昌哥到︽⊙＿⊙︽高铁接送，现在多了高雄捷运可转乘，可直接杀到中央公园站,左营,糖份,霜类,幕斯,分子,a
2016-08-03-06-15-32.txt,3,我们走到公车站，想要直接搭中兴客运从士林回︽⊙＿⊙︽，valence陪我们等车，直到我们上车之后，他才走到对面去搭捷运,口福,桃园机场,大台,烽炮,中坜,e
2016-08-03-06-15-32.txt,4,这次来到︽⊙＿⊙︽入住，分享老屋绝对是不可少的环节之一，历史之都的︽⊙＿⊙︽，老屋是更贴近了解︽⊙＿⊙︽最棒方法之一,台南,港景,学堂,三貂岭,树林,a
2016-08-03-06-15-32.txt,5,3. ︽⊙＿⊙︽号目前没有经海线的班次。而要︽⊙＿⊙︽号停这五个，目前只有普通车停靠的木造车站，更只有靠这种特别行程，才有机会看得到,水乐园,太鲁阁,石牌,乌坵,吹雪,b
2016-08-03-07-17-41.txt,2,门口的左边有个超︽⊙＿⊙︽洞，里面则是有只『打瞌睡龙猫』。外面设计有个按钮，按下之后，就会听到龙猫的打呼声，龙猫肚子也会上下起伏唷,桃红,金缕,搭机,大树,整桌,d
2016-08-03-07-17-41.txt,1,一样这样的使用方式让原本也是过于浓润的肌肤之钥的无龄透白防晒乳可以轻盈不少，却又能够让︽⊙＿⊙︽自律循环液得到最好的善用，而且也不会因为质地变轻盈，就牺牲了原本达spf50/pa+++的肌肤之钥的无龄透白防晒乳高规格防晒，因为防晒的效果其实在于用量，而并非质地，所以其实在原本既定的用量下，只是让它变稀、变轻盈，也不会影响到防晒系数，却能在使用上更舒适、更轻盈，也更舒服，也是一个变通的小方法,ipsa,血糖,生物科技,石柱,糖水,a
2016-08-03-07-17-41.txt,3,"""询问大家有没有推荐的饭店或商旅 毕竟翠蕊我主要还是去工作的 因此房价部分就尽量以交通费可以 cover 的选择为主啰！是说近年来︽⊙＿⊙︽的房价真的涨好多耶""",晶英,大员,田村,台中,梅园,d
2016-08-03-07-17-41.txt,5,有点抱歉，应该要有6色的样子的toledo时尚专业︽⊙＿⊙︽，只借到了3支，但好险好险我觉得最值得买的#nude有借到，配合ruben的超现实主义插画包装，在︽⊙＿⊙︽上最是能与这次的概念最相符,抗皱精华,舒妍,布膜,红魔束,唇膏,e
2016-08-03-07-17-41.txt,4,国道三号→国道六号→下爱兰︽⊙＿⊙︽出口→左转台14线→台21线→往日月潭→经过国际暨南大学在台21线51公里处右转→桃米村68县道经过纸教堂→『草湳湿地,山上,百里香牛肉面,交流道,行政院,马公,c
2016-08-03-08-19-50.txt,1,使用完洁颜刷后，用清水再把残余的︽⊙＿⊙︽给冲净后，你会觉得肌肤很干净，很好摸，甚至很亮，很舒服，你真的会忍不住一直想要摸自己的脸，一直摸。宛如就是做完一次脸或敷完深清面膜后的干净感，真的是用一次你就会上瘾，也因为肌肤真的被很细致的清干净后，清爽度也就能维持比较久，比较不容易出油,洗面乳,妈阁,蓝线,迷城,纸箱,a
2016-08-03-08-19-50.txt,4,我想︽⊙＿⊙︽是个有魔力的地方，让人对此留下深刻的印像，希望下次再访会是个艳阳高照的大晴天,苏美岛,总督西餐厅,康康,林百货,芹壁,e
2016-08-03-08-19-50.txt,2,而且这次还想去一些没去过的地方，该说︽⊙＿⊙︽怎么有那么多的地方　实在太适合两天一夜的小旅行,情商,台南,游戏,寰宇,长链,b
2016-08-03-08-19-50.txt,3,恳请大家来︽⊙＿⊙︽洞看海戏水，都能发挥公德心，让这海天一色的纯净美景，可以永续存留,庆安宫,品皇咖啡,邹族,热气球,石门,e
2016-08-03-08-19-50.txt,5,︽⊙＿⊙︽游船，玄光寺吃日卖万颗：阿婆茶叶蛋＞伊达邵必吃饭饭鸡翅，红茶店遇见好有戏店,澎湖,紫竹,日月潭,土沟,畚箕,c
2016-08-03-09-21-57.txt,1,︽⊙＿⊙︽ spade new york wedding belles emanuelle手,kate,有素,车身,小树,糯米,a
2016-08-03-09-21-57.txt,2,我们当天到达『新驿旅店』已经是晚上九点多了，附近算是挺热闹的，离『新时代购物中心』也很近。我觉得如果要玩『︽⊙＿⊙,小梅,台中,张照,新宿,计时,b
2016-08-03-09-21-57.txt,3,这款︽⊙＿⊙︽还可以更换滚轮  韩国好多彩妆都好特别  我觉得已经超越日本了  超好买的阿!,漱口水,media,bb霜,星炫笔,油亮,c
2016-08-03-09-21-57.txt,4,从台南火车站买套票，台南88安平线、99︽⊙＿⊙︽线的一日交通票，搭乘当日就可以不限次数上下各站点，很划算对吧,顶溪社区,台江,乳巷,文心夜市,仁和,b
2016-08-03-09-21-57.txt,5,，这几家均为独立出入口，未连接台南小︽⊙＿⊙︽，所以餐厅营业时间较长且较晚打烊，可详各店家脸书或网站公告,林森,影城,西门,西坪,台南七股,c
2016-08-03-10-24-05.txt,1,上次逛到东区新开的innisfree，发现他家的︽⊙＿⊙︽200元一块，价格品质还可以买来玩玩,眼影,雷阵雨,全票,波音,方会,a
2016-08-03-10-24-05.txt,4,故宫潮 府城游是国立故宫博物院的无墙博物馆系列，而且是南台湾唯一一场的展览，我有去︽⊙＿⊙︽看过会动的清明上河图，台南这里基于展场面积的关系，规模没办法那么大，但主办单位充份利用了隔间，并导入了数位及互动两项元素，个人觉得蛮适合带小朋友一起来看展，也可事先电话预约导览，电话0981552554,动工,扇形车站,西湖,高雄,信义,d
2016-08-03-10-24-05.txt,2,跟致远一起从台中︽⊙＿⊙︽搭飞机，到达澎湖后，已经是中午了。首先与齐冠、以及在澎湖当兵的政荣先集合，一群人就先前往旅社放行李了！我们这次住的是国军英雄馆，住宿算蛮便宜的,机场,人间,白墙,白化,汽泡,a
2016-08-03-10-24-05.txt,3,3. ︽⊙＿⊙︽ teint naturel fluide s 光润粉霜 spf18 pa+,肌肤之钥,origins,面纸,kose,涂抹,a
2016-08-03-10-24-05.txt,5,10/5活动结束后将我也会随机抽出一名得奖者可以获得︽⊙＿⊙︽星颜魔幻珠宝盒唷,最新款,性风,露得清,diptyque,starsuki,e
2016-08-03-11-26-12.txt,2,另外我发现︽⊙＿⊙︽的这些建物，当初在建时应该都没有规划，所以巷弄大大小小、长长短短，宽宽窄窄，但我就爱这种穿巷走弄的乐趣，即便走着走着方向感会全失,买菜,金门,白巧克力,穿透性,玩心,b
2016-08-03-11-26-12.txt,3,是说，看倌觉得这样的月台铁棚好看吗??老实说我觉得很没特色..为什么台湾的火车站总是有一点死气沉沉..为什么不能像︽⊙＿⊙︽这样有自己的特色呢..就不要提日本的火车站了,宜兰,新庄,外拍,白河,林地,a
2016-08-03-11-26-12.txt,1,"""他家的保湿︽⊙＿⊙︽有点像稀释的凝露质地，跟其他牌子的滋润型︽⊙＿⊙︽质地差不""",化妆水,大势,黑底,沙朵,何笃霖,a
2016-08-03-11-26-12.txt,4,」，有︽⊙＿⊙︽各种算命方式，像是姓名、六十甲子签、袁天罡秤骨、塔罗牌、星座等，所有游客都算得好认真。看完展后，旁边的文创礼品店也蛮好逛的,金仑,绿海,苓雅区,派塔,中西,e
2016-08-03-11-26-12.txt,5,邮局对面有许多摊贩，据说这里有一摊︽⊙＿⊙︽抹茶冰，但是假日限定，所以无缘吃到,传统,南庄,原貌,安平港,村岗北路,b
2016-08-03-12-28-20.txt,2,现在的︽⊙＿⊙︽真的好多观光客，日本人、韩国人、香港人、大陆人，满满都是人，唯一不变的还是那旧日老街的景致。不过人潮一多︽⊙＿⊙︽就少了些许文艺气息与美感，更是让人无法联想到当年侯孝贤的那出悲情城市里的眼泪山城,瓶瓶罐罐,海军,面镜,九份,茶杯,d
2016-08-03-12-28-20.txt,1,"""之前在逛药妆店的时候就有看过这瓶 nuxe 全效晶亮︽⊙＿⊙︽不过一直没有下手购买 毕竟保养油这种单品在使用上比较见仁见智 喜欢的人会很喜欢、不喜欢的人可能就永远都不会去用它xd 而且翠蕊我自己手边也有多种个人习惯使用的保养油啦！ 当时并没有特别想要购入的欲望 可是这次体验后整个有种相见恨晚的感觉 我怎么会这么晚才发现这么好用的单品啊啊啊啊""",版本,精华油,异国,国旗,生蛋,b
2016-08-03-12-28-20.txt,3,︽⊙＿⊙︽ 2014最后一档！sogo周年庆购买攻略/满额、组合都是独家！活肤霜有,revive,fasio,康是美,品用,手刀,a
2016-08-03-12-28-20.txt,4,日本：美妆店几乎都有，plaza、loft、@︽⊙＿⊙︽、donki惊安的殿堂...等我都有看到过,活氧极,契尔氏,费姐,burberry,cosme,e
2016-08-03-12-28-20.txt,5,照导航来到了︽⊙＿⊙︽的香草菲菲，看相片还不觉得大间，等实际看到后才惊觉这里好大啊！真像个大型温室花园耶,玉井,吉贝,员山乡,明水,东东芋圆,c
2016-08-03-13-30-28.txt,2,美术馆附近的无烟餐厅一条街，是个很漂亮的地方，这里的餐厅建筑都非常的有特色，在台北倒是没有这种地方，台北的建筑都没什么特色，另外︽⊙＿⊙︽的路感觉也比较大，或许是因为台北的车辆太多，虽然路大，但一点也不觉得路大,机率,战力,台中,安妞,岩山,c
2016-08-03-13-30-28.txt,1,前几天因为只能睡一下下就要出门赶另一个活动，起来︽⊙＿⊙︽也都没有晕掉噢！大发！ ♛ ◡,食谱,固力,睫毛膏,疾行,赏夜,c
2016-08-03-13-30-28.txt,3,但这确实是︽⊙＿⊙︽第一次的唇彩盘，重点是 ...可以拆的！这在︽⊙＿⊙︽的产品中，只有创艺无限系列，包括眼影、腮红都能自由组装，唇彩没记错的话，应该是第一次，而且就直接出现在这次的karl圣诞彩妆，我强烈的怀疑 ...︽⊙＿⊙︽应该要推出创艺无限的唇彩盘了！ ...，如果真的推出，这个shupette的盒子，就相当有收藏价值了,whoo,花艺,origins,主色,植村秀,e
2016-08-03-13-30-28.txt,4,去年看到格友分享︽⊙＿⊙︽真的很美，所以今天夏天公司的国内旅游安排南投之旅，第一站就是南投水里的︽⊙＿⊙︽，就相当的兴,车埕车站,车班,车头,桃园市,高树,a
2016-08-03-13-30-28.txt,5,我很喜欢在上︽⊙＿⊙︽前先打亮眼窝　利用凝霜会让︽⊙＿⊙︽更好上色　颜色会比较显色,芭蕾舞鞋,眼影,夹子,水润面膜,净肤仪,b
2016-08-03-14-32-37.txt,1,然而，我自己还是会觉得冻龄熬夜奇迹霜就真的是比较晚睡作急救修护即可，极致修护水凝膜刚好可以弥补冬天使用冻龄熬夜奇迹霜的不足，一般来说，极致修护水凝膜也可以搭配其它产品做晚安面膜使用，如果说天气没那么冷，作为保养最后一步骤的︽⊙＿⊙︽也都可以，就是一种凝冻和晚安面膜都能通用的一款产品，重点是,枫叶,雪球,生平,水凝冻,光景,d
2016-08-03-14-32-37.txt,2,枕山庄位于︽⊙＿⊙︽的望龙埤附近，从路边看不出来，裹面可是占地千坪的庭园民宿哦，附近景点除了很夯的望龙埤外，离很多知名景点都不远、尤其是宜兰多雨，民宿主人特地盖了大型的棚架，万一下雨也可以坐在棚内喝喝咖啡、欣赏风,数位,员山乡,护肤,意志力,斑点,b
2016-08-03-14-32-37.txt,3,不过，︽⊙＿⊙︽最为人称道的似乎是眼影，特别是这四色眼影，可以说是梦幻逸品，颜色高雅、配色强，配色上也比较突破传统窠臼，却又能创造出全新的色彩概念组合，也成为很多人都想买的必备单品,兴产路,suqqu,乙份,蓓蒂米娜,资生堂,b
2016-08-03-14-32-37.txt,5,最后非常重要的关键点，打造不脱妆底妆，最后一定要压上一些控油类型的蜜粉或密︽⊙＿⊙,缺点,hermes,夹心,nivea,粉饼,e
2016-08-03-14-32-37.txt,4,已经两年没回去了，对于特富野我有很深的思念，我的网志文章上老是会不自觉的提及。年后，安珮跟我提及战祭要回︽⊙＿⊙︽，我就努力的排开行程，今年也是我大学的最后几个月了，趁着时间掌控上还宽裕，我排进了行程,桥头,锦记,驾车,绳索,山上,e
2016-08-03-15-34-47.txt,1,她跟我介绍说，这两棵吉野樱是日本人送的，已经是50、60年的老树了，后面︽⊙＿⊙︽上的那些吉野樱树，都是要卖人的，而这两棵老树就是样本,热力,山坡,雪儿,白菜,深棕色,b
2016-08-03-15-34-47.txt,2,2008年12月27日，刚好11个月后，国道6号的头，︽⊙＿⊙︽系统至东草屯间5公里也通,鱼蛋,雾峰,脚趾,岩洞,小口袋,b
2016-08-03-15-34-47.txt,4,只能说 ...停产好可惜！好在我年中特卖会扫了好多条，可能台湾真的很少人有成人痘困扰吗？因为之前︽⊙＿⊙︽的抗痘凝露也是有够好用的，但也停产了 ...，毕竟一罐也是很贵，主要也是作为成人抗痘使用，雅诗兰黛这罐新生焕肤凝胶已是以对抗成人痘为概念,revive,fasio,星幻,康是美,绝色,a
2016-08-03-15-34-47.txt,3,这部电影左撇子一定会支持，并且持续追踪。电影分成上下两集，上集 太阳旗 在9/9号上映，下集 ︽⊙＿⊙︽ 在9/30 上映。会取名︽⊙＿⊙︽是跟他们的习俗故事有关，这部分应该在第一集就会交代吧，留给大家在电影院观赏,武路,彩虹桥,夕游出张所,台南艺术大学,丁目,b
2016-08-03-15-34-47.txt,5,当然这里也是我们大人们的喝茶空间，晚餐时间我们就是到︽⊙＿⊙︽买了各式食物回房里吃,妖怪村,竹田,麋鹿,纪念品,田尾景点,a
2016-08-03-16-36-54.txt,1,来到泰武部落的指标，就表示进入︽⊙＿⊙︽山之门，这里原是泰武村居住之地，因为八八风灾造成地质变动，所以不太适合居住，但沿路的风景还是很值得一看,小梅,大武,用料,辣油,新宿,b
2016-08-03-16-36-54.txt,2,接下来彩虹眷村逛完之后再继续搭乘包车小旅行，前往大坑地区的心之芳庭，心之芳庭一直以来也是nana的口袋名单，终于透过这个机会可以来亲眼目睹美丽的小庄园。虽然范围没有薰衣草森林以及︽⊙＿⊙︽大，但我觉得里面的造景非常的漂亮，让旅人们来到这里有一种充满幸福的感觉,新社古堡,聚光,语音,寿司,店面,a
2016-08-03-16-36-54.txt,4,也许要过阵子等铺货完毕才能确定吧！我在我家附近的︽⊙＿⊙︽看到了十色的teste,龙头,屈臣氏,derma,origins,买点,b
2016-08-03-16-36-54.txt,3,位于︽⊙＿⊙︽屿岛中央碧云寺下方，引用当地终年水流不断的龙目井泉水构筑生态池塘，并使用当地盛产之咾咕石，于竹林下铺设石板步道与木栈。园中融合竹林与凉亭美景，在夜间灯光照射下，听着潺潺流水声，仰望满天星空，格外宁静悠闲,清安豆腐街,溪头,水巷,绘马,琉球,e
2016-08-03-16-36-54.txt,5,提拉米苏般的棕褐，在这次的光润魅幻唇膏中#233也完整呈现，也是光润魅幻唇膏中唯一一支褐色调，其实你可以去看，︽⊙＿⊙︽颜色上越来越多变化，棕色、粉色的唇彩都能在近年来窥见一二，也在在证实了︽⊙＿⊙︽不只是在整个品牌包装、质感在慢慢地做更新，同时与时俱进，在颜色上，却也不再那么窠臼，我还记得年初的春季彩妆，还有一个相当亮眼的桃红色，目前看来，︽⊙＿⊙︽差的就是一支橘色唇彩了,手滑,女款,kose,origins,肌肤之钥,e
2016-08-03-17-39-02.txt,1,这区旁边也在建设新建筑︽⊙＿⊙︽，罗东文创园区很有小华山艺文特区的风格，假日也有街头艺人进驻表演，像我们当天就遇到有小提琴的表演者在现场演奏，坐在池边欣赏着悠扬的乐声，真的有放松的感觉,奇想,修建,名品,脚背,私下,b
2016-08-03-17-39-02.txt,2,︽⊙＿⊙︽的紫色浪漫~蔓延中，绣球花沿着梯田逐层盛开，蔚为壮丽，有粉紫色、粉蓝色、粉红色交织出浪漫情怀,竹子湖,黑噜,高贵,赫兹,流理台,a
2016-08-03-17-39-02.txt,3,所以我就会马上加上美白︽⊙＿⊙︽来做按摩 希望可以再白一点! 毕竟上礼拜去宜兰晒了两,收纳袋,smashbox,holika,精华液,刀头,d
2016-08-03-17-39-02.txt,5,内埤海滩！我终于来了！虽然常回︽⊙＿⊙︽，也来过南方澳好几次，我却粗心错过她许多年,旺莱山,宜兰,狗蛋,白河,新庄,b
2016-08-03-17-39-02.txt,4,安啾已经用了快2个月，每周杏仁酸得使用次数只需要 2-3次就好，在︽⊙＿⊙︽后拍打在全,腿毛,蔻萝兰,holika,赠品,化妆水,e
2016-08-03-18-41-11.txt,3,更是︽⊙＿⊙︽文化的县定古迹，每年八月的丰年季节，太巴塱祖屋都会变成阿美族举行祭祀跟族群生活的活动场,花莲,石牌,花亭,奥克兰,后里,a
2016-08-03-18-41-11.txt,1,"饭店从人文、自然环境开始，在公共空间就摆放了许多︽⊙＿⊙︽传统工艺特色,如大厅的桧木雕刻、前庭的石猴与厅内的交趾陶作品",嘉义,低温,实搭性,巫婆,小腿肚,a
2016-08-03-18-41-11.txt,2,活动陆续展开，6月7日、8日在神农路，那天刚好下雨，虽然去了，但有点扫兴，6月28日、29日在中央公园也举办试饮会，还有高通通分身第一次公开亮相，7月5日草地微醺在凤山举办，7月12日、13日则是在︽⊙＿⊙︽大树区旧铁桥湿地公园，一样是有农业精灵高通通的分身，以及玉荷包啤酒试饮等活动，活动详情再请,装机,高雄市,冷门,品管,男女生,b
2016-08-03-18-41-11.txt,4,月洞上百只的蝙蝠大餐、慎终追远的扫墓、花东海滩的绮丽风光、︽⊙＿⊙︽出海的半潜,丙线,画意,社头,朴子,垦丁,e
2016-08-03-18-41-11.txt,5,，位于︽⊙＿⊙︽七期的柏地广场，至少15坪起跳的住宿空间，房间大到媲美顶级motel的规格，东方禅意、日式简约、时尚创意、优雅奢华等风格，宛如走入不可思议的奇幻国度，豪宅太贵，不如入住豪宅等级的悦栈酒店，当一日的主人吧,林记,台中,田村,大员,酒庄,b
2016-08-03-19-43-20.txt,2,今天的行程感觉就是跑跑跑，幸好是往︽⊙＿⊙︽跑，︽⊙＿⊙︽的风吹起来凉凉的，可以把手张开抓一下风，可以感受一下风从指缝中溜走的感觉,色惑,山上,豚骨,底层,区分,b
2016-08-03-19-43-20.txt,1,从这一个画面也能稍微观察一下当时的时代背景，包便当的报纸如果没有过期很久，则艋舺的时代背景应该在1986年左右。那一年，也是台湾重大变革的一年，天下杂志称这年为威权走向开明的一年，如同在报纸上印的”蒋总统招开国民党十二届中全会”，在会议上蒋经国总统宣布研拟开放党禁、解除戒严以及改革国会，将台湾︽⊙＿⊙︽的带往民主时代。那一年，前总统陈水扁以及四大天王等人在圆山饭店成立了民主进步党,老房,锁骨,形状,和平,零钱,d
2016-08-03-19-43-20.txt,3,像我们一样，只用餐、赏桐花赏萤火虫，不住宿的旅客还真不少。数十台自小客车把卓也小屋的各个停车场都停满了。入园券成人100元，可以抵扣任何在卓也小屋园区内的消费，例如手工植物染、下午茶、午晚餐、咖啡饮料等。这一天choyce只打算来卓也小屋喘口气不住宿，约好傍晚抵达欣赏桐花美姿，享用美味的健康蔬食套餐，餐后接着赏萤火虫。大约八点离开卓也小屋，不到40分钟就回到︽⊙＿⊙︽的家,会馆,竹北,地下室,高雄爱河,永宁,b
2016-08-03-19-43-20.txt,4,买了︽⊙＿⊙︽觉得颜色很美~可是一直惦记着好几个网友都说︽⊙＿⊙︽很会飞粉掉色的缺,眼影,师们,水润面膜,净肤仪,蛋型,a
2016-08-03-19-43-20.txt,5,终于轮到我们这次入住的房间了，空间规划就像回到自己家中一般，给人住得舒适自在，冰箱里已经先放入︽⊙＿⊙︽农会好喝的健康豆奶，一进门小朋友们先打开喝了起来,午餐,罗东,金涌泉,埔里酒厂,餐厅,b
2016-08-03-20-45-29.txt,1,2款玫瑰色/chanel珍珠光感超净白防晒妆前乳vs.︽⊙＿⊙︽超轻盈玫瑰隔离,啤酒,甘心,人类,lancome,公事,d
2016-08-03-20-45-29.txt,2,要打造︽⊙＿⊙︽的第一步！真的就是这罐我第一次用了以后就再也不离手的maestro粉底精华,电车,完美底妆,脚掌,俱乐部,动画,b
2016-08-03-20-45-29.txt,4,轻轻松松的就可以推开，而且泡沫式的隔离霜一下子就被吸收了~因为过年玩太开心熬夜的暗沉脸色也在擦上︽⊙＿⊙︽光透白uv泡沫隔离霜后，白了起来~不过记得要适量就好喔~脸上除了变白以外，似乎珠光亮的瞬间白回来~可以持续一整天的隔离效果，回家卸妆也很方便跟容易，怪不得︽⊙＿⊙︽除了卸妆油以外，泡沫隔离霜也是周年庆必败的产品啦,whoo,植村秀,老师,香调,origins,b
2016-08-03-20-45-29.txt,3,原本是在早晨用完餐后想要先来感受书香气息再去︽⊙＿⊙︽的，不过~我们扑了个空！时光二手书局是下午一点才会开门的喔~如果想来的朋友千万要记得时间喔,太鲁阁,杂草,石牌,乌坵,全长,a
2016-08-03-20-45-29.txt,5,」是一个结合︽⊙＿⊙︽瓜果的特色观光果园，与官老爷休闲农场、金益田园美食坊结合，这里也提供套装行程，还有牛车载着大家导览游走田野之间,壮围,国宅,林田,私藏,白沙,a
2016-08-03-21-47-38.txt,1,因为官网真的做得太精美 是我逛过最能原始把︽⊙＿⊙︽的颜色100%show给消费者,书院,指甲油,老店,天主教堂,水量,b
2016-08-03-21-47-38.txt,2,等于买那两只刷子送唤颜凝露30ml、饰色隔离霜30ml、all in one︽⊙＿⊙︽盘、天鹅绒粉扑,遮瑕,地毯,风雪,热泉,野柳,a
2016-08-03-21-47-38.txt,5,继上半年three、︽⊙＿⊙︽陆续开柜后，下半年于周年庆档期前也陆续有新的品牌于台湾设柜，来自日本的蜂蜜保养hacci，预计于10/1正式于台北忠孝sogo开柜,laduree,雪芙兰,阿阿,配件,诱丰漾,a
2016-08-03-21-47-38.txt,3,2005年时，︽⊙＿⊙︽跟全球驰名的整合医疗权威dr.andrew weil推出了青春无敌系,优惠价,品木宣言,眼影盘,loreal,薏仁,b
2016-08-03-21-47-38.txt,4,这次的璀璨星空五色眼彩盘，我觉得难度非常高 ...，其实︽⊙＿⊙︽主视觉的模特儿画起来就已经不太好看了 ...最大的关键点，是五个颜色中，有两个颜色是东方人最害怕的紫色调，紫色的眼影碰到黄种人肌肤，就是容易脏...，容易有事，金色调这次也比较暗，画起来相对是沉的，黑色走雾面烟熏感，会建议紫色深色拿来做晕染，黑色就做眼影线晕开，整个眼影层次感就会比较好,黑夜,cleansing,香奈儿,benefit,艺品,c
2016-08-03-22-49-45.txt,1,咖啡色︽⊙＿⊙︽眼尾拉长  下︽⊙＿⊙︽我只有画眼尾至眼中的位置  记得不要全框  很容易看起来凶凶,字头,花圃,眼线,便利店,磁场,c
2016-08-03-22-49-45.txt,4,咖啡色︽⊙＿⊙︽沿着睫毛根部画   与眼尾平行往后拉0.5cm下眼线   自然眼线细细一条就好不能太,burberry,法国名牌,我会,魔镜,眼线笔,e
2016-08-03-22-49-45.txt,2,2.搭乘1、22、226、265、266、288、33、37、38、蓝5至景新里站即可到达︽⊙＿⊙︽公民会馆,香客,服贴,眼皮,信义,浅灰,d
2016-08-03-22-49-45.txt,3,这只毛孔隐形露是某次在 ︽⊙＿⊙︽ 凑满额的时候被柜姐劝败的，老实说本来我不太看好它,活氧极,淡化,日间,ipsa,圣罗兰,d
2016-08-03-22-49-45.txt,5,这真的是一个全新的体验，靠自己的腰力，手推着绳结、双脚一蹬上攀，过程中我狂冒汗，或许跟前一天没睡好有关，体虚，所以攀到一半我就投降了...反倒是两位姐姐，一先一后都︽⊙＿⊙︽达阵，他们说靠着自己的力量攀爬上像巨人的大树，然后坐在树干上是件很享受的事，尤其坐在上面轻松舒服，视野可以看的更远，就差没挑战站起来，其实只要听从教练指导，攀树不是难事,热血,成功,社口村,龙潭,字头,b
2016-08-03-23-51-53.txt,1,hanaka花恋肌︽⊙＿⊙︽香香嫩足霜清爽恬淡香  足霜我最不喜欢油质过多的质,纪念堂,脾气,茶道,乳油木,乌龟,d
2016-08-03-23-51-53.txt,3,他说 然后擦︽⊙＿⊙︽前有刮胡子  他觉得这款保湿露对刮胡子后的刺激感有舒缓功,holika,蔻萝兰,记本,化妆水,甲油,d
2016-08-03-23-51-53.txt,2,，仅需20分钟步行距离即可抵达，这条保留原始风貌的狮头山步道，由五个山头组合而成，搭乘大众运输到新店捷运站，然后步行约5分钟即可抵达能仁家商的登山口，沿途设施完善的木栈道阶梯，穿梭在茂密森林里头，松鼠噗通跳来跳去，虫鸣鸟叫不绝于耳，不一会儿时间就可看见高速公路出现于脚下，仿佛日本高速公路穿梭办公大楼的奇景，视野豁然开朗的山林景致，不管大人小孩保证都会为之着迷，快来︽⊙＿⊙︽市登山趣吧,新北,烟味,眼力,果农,家人,a
2016-08-03-23-51-53.txt,4,，从波斯菊花海和油菜花田那侧走过去，虽然同样也有点小塞，但一定比︽⊙＿⊙︽路四段好一点,三星,原厂,新埔站,金字招牌,桃园市,a
2016-08-03-23-51-53.txt,5,一直对︽⊙＿⊙︽有一种迷恋，就是质感很好，很花妍，同时还重视环保议题，觉得是一个令人相当有好感，同时优雅的品牌，产品中，我最喜欢的包括未来肌肤粉底，到现在偶尔还是会现在我的化妆台上，因为它就像粉底界的保湿水磁场，肌肤干的话，确实相当好用，一种很凝胶保湿的粉底；丝柔蜜粉也是个不错的产品，刷上去不会太掩盖本身粉底的光泽，也是︽⊙＿⊙︽品牌中cp值蛮高的彩妆，再者就是花妍晶莹唇彩,新货,脸部去角质,定价,香缇卡,cosme,d
2016-08-04-00-54-01.txt,3,把原本︽⊙＿⊙︽的住民迁移到月牙湾，这些新移民还是自称︽⊙＿⊙︽人，将月牙湾改称︽⊙＿⊙︽,大稻埕,五股,农妇,黑炭,七星潭,e
2016-08-04-00-54-01.txt,1,早上到中午想吃︽⊙＿⊙︽面的话，最多网友留言推荐的就是小木屋和阿莲︽⊙＿⊙︽面，我们去年是吃小木屋︽⊙＿⊙︽面，小菜选择不少，价钱也不低。今年改攻阿莲︽⊙＿⊙︽面配桥头红茶冰绿豆汤,玉里,帆布袋,团儿,水区,普雷,a
2016-08-04-00-54-01.txt,2,一款好用的遮瑕膏真的很重要  ︽⊙＿⊙︽无暇遮瑕双星遮瑕力高  而且也不会卡粉 超棒的！,大陆人,文具店,beautymaker,马龙,田尾,c
2016-08-04-00-54-01.txt,4,2015年秋妆是peter philps上任︽⊙＿⊙︽全球彩妆创意总监之后的第一个全系列色彩创,dior,超弹润青,弹润,碧儿泉,驾驭,a
2016-08-04-00-54-01.txt,5,一路走到了︽⊙＿⊙︽天后宫这是全高雄最早的天后宫，距今有300多年的历史，大约是明郑永历年间建立，阿智,九芎湖,旗津,台中市,天色,空中走廊,b
2016-08-04-01-56-08.txt,2,又到了一年一度最期待的时候，就是︽⊙＿⊙︽的年终礼揭晓，过去一年努力下来，不外乎有很大的原因就是为了这年终礼能够get，然后能够记录，总觉得一整年于︽⊙＿⊙︽的追踪上，也才完美的画上了个句点，然后紧接着，又是新的一年的开始,米糠,老伯伯,chanel,经销,芋泥,c
2016-08-04-01-56-08.txt,1,女主人是个老妈妈，她热心地跟我们介绍里头这些手工艺品的涵意以及︽⊙＿⊙︽的风土民,亲笔,兰屿,醋栗,战场,台服,b
2016-08-04-01-56-08.txt,3,田簷蜜雨民宿还有提供多家︽⊙＿⊙︽店家优惠，还记得一楼小黑版写了许多泡汤优惠吗,稻草人,峰景,新庄,白河,宜兰,e
2016-08-04-01-56-08.txt,4,面对着床的墙面也没有过多的装饰，仅是一扇简单的老窗，一个让人放些小东西或留下字迹的挂台，搭配沉稳的绿色墙面~仿佛真的睡在︽⊙＿⊙︽的树下,杨梅,太阳,绿意盎然,工事,好适厨房,c
2016-08-04-01-56-08.txt,5,而又有面膜的加持 大量的︽⊙＿⊙︽就被强迫性地灌入毛孔中 让肌肤喝水喝得饱饱的!等等拿下来就有一张亮晶晶的脸,精华液,smashbox,holika,颜料,垂坠度,a
2016-08-04-02-58-17.txt,2,日本荣町商店街和︽⊙＿⊙︽都有等比例的袖珍模型，入戏太深又肚子饿的人，参观到这里应该会有闻到小吃香味飘出的幻觉~,冰柜,全球,士林夜市,咖啡因,脸颊,c
2016-08-04-02-58-17.txt,3,"""当时记得很好用，所以这次老虎狗特地把这一组清洁力很透彻的""""艾玛丝""""5a高效控油洗发精，和养发︽⊙＿⊙︽，以及洋甘菊头皮清爽喷雾一次分享给大家""",肚皮,精华液,holika,水吧,smashbox,b
2016-08-04-02-58-17.txt,1,台北 ︽⊙＿⊙︽ garrett popcorn - 来自美国的知名排队爆米花,信义区,油漆,女将,海鸥,理事,a
2016-08-04-02-58-17.txt,5,时网友留言大多是好评，像是服务人员亲切、 醉月楼好吃、三温暖很不错、景观早餐超棒的，还有︽⊙＿⊙︽在地人留言推的饭店,计划,三貂岭,分局,树林,台南,e
2016-08-04-02-58-17.txt,4,"""这一款︽⊙＿⊙︽主打的是""""保湿这件大事""""!!! 唯有让肌肤保有水分 肌肤才能充满弹性与朝气!""",lauder,状态,pupa,唇色,乳液,e
2016-08-04-04-00-25.txt,1,不过随着日本人的撤退，原来的神社也废止，考虑到台湾人的民族精神以及历史背景，现在庙里供奉着郑︽⊙＿⊙︽为主神,成功,欢孩,市价,石灰,太阳,a
2016-08-04-04-00-25.txt,2,来到︽⊙＿⊙︽乡农会很少会空手而归的，我真的有克制许多，像是这葱油和青葱酱在煮面或是烫青菜时很好用,车水,三星,柔雾,毛孔,金盏花,b
2016-08-04-04-00-25.txt,3,从︽⊙＿⊙︽搭船到东吉屿航程不到一小时就抵达，我们是包船航行座位比较空一些，旺季时应该就是早点上船位置会比较好,大坑步道,舞鹤,马公,好乐迪,乳巷,c
2016-08-04-04-00-25.txt,5,这罐我当初听日本柜姐介绍时就觉得好神～ 因为他说这罐是多效合一，用了之后有乳液、隔离霜、︽⊙＿⊙︽...多种效果,bb霜,星炫笔,裤裤,media,双色,a
2016-08-04-04-00-25.txt,4,在︽⊙＿⊙︽街上逛名产店，想买明信片的话，会看到很多明信片上头的照片是在这里拍的,游船,朋友家,荷方,品皇咖啡,小琉球,e
2016-08-04-05-02-34.txt,1,真的是太幸运   晚上还到垦丁大街买纪念品逛逛，吃︽⊙＿⊙︽，之后去体验一下垦丁夜,小杜包子,棕榈油,车线,毛豆,裤袜,a
2016-08-04-05-02-34.txt,3,我们在离开︽⊙＿⊙︽前，还特地开车上去参观一下露营区，或许有机会，下次是来露营的哦 ^,武陵农场,大庭牛肉面,名胜,吉野,小港机场,a
2016-08-04-05-02-34.txt,2,在演习林有很多珍贵的树种，像是锡橄榄、南南果还有这个粉嫩果实的桃实百日清，树下都有标明︽⊙＿⊙︽的名称、种类、特性就像是一座小型的植物园区,学林,传授,农山,树木,母乳,d
2016-08-04-05-02-34.txt,5,"这是我第一次尝试这样的大花裙, 其实我是因为看了the age of ada︽⊙＿⊙︽,看到之前复古的造",line,人实,欧恩伊,长版,kanebo,a
2016-08-04-05-02-34.txt,4,再沾取js的︽⊙＿⊙︽冻 点缀在眼窝中间 往两旁晕开 利用︽⊙＿⊙︽冻的光泽 做出金属感眼,虹膜,格纹,眼影,净肤仪,水润面膜,c
2016-08-04-06-04-42.txt,1,▌宜兰︽⊙＿⊙︽美食 ▌牛仔驿站美式餐厅 ＊ 比人脸还大的大汉堡阿!!宜兰︽⊙＿⊙︽聚餐好去处!,瓶身,烧鹅,冬山,太酸,水滴,c
2016-08-04-06-04-42.txt,4,"""不过今年的 ︽⊙＿⊙︽ 实在是有点过份 刚好遇到创立 15 周年 从春天的晶巧光灿 15 周年完美彩粧盘、夏限定 15 周年光粼系列、一直到最新秋妆丽致净化 完全是要逼死我们这些限量收藏控耶""",手帐,身体防晒,霓净思,lunasol,小蜜,d
2016-08-04-06-04-42.txt,2,︽⊙＿⊙︽小小一罐2.5g，要价nt$290。瓶身是磨砂玻璃材质，质感挺不错的,蛋汁,kate,菜瓜,客们,地下通道,b
2016-08-04-06-04-42.txt,3,是传说中︽⊙＿⊙︽特有的筵席菜，特色是将所有食材切丝煮熟后再加太白粉水勾薄芡起,地势,竹南,通化街夜市,金门,掌柜,d
2016-08-04-06-04-42.txt,5,透明感显色度＋深浅︽⊙＿⊙︽晕染，创造浓淡渐层效果！闪耀金属光泽，展现自然深邃的立体美,头型,蜜葳特,neom,眼线,性感,d
2016-08-04-07-06-51.txt,1,"东方红铁板烧也是近年来︽⊙＿⊙︽最夯的无菜单料理之一，走高价位路线，套餐分1,300、1,600、2,000元三种价位，主厨会视客人需求做菜单调整。平日用餐有分时段，假日则是全天候提供服务",宜兰,熟肉,烙印,小事,有形,a
2016-08-04-07-06-51.txt,3,查了一查，果然︽⊙＿⊙︽文史馆在刚重建完后的几年吸引了非常多的观光客，可惜那个年代一来国内旅游不那么风行，二来部落格的风行也不盛。要不，以现在的风气应该不至于让丰田这样的好地方给没落了,现址,交界,十景,苏治芬,寿丰,e
2016-08-04-07-06-51.txt,2,︽⊙＿⊙︽在台北历史来说，是一个很特别的地方，早在日治时间，喜欢泡温泉的日本人发现︽⊙＿⊙︽的温泉,纤维,大肠,闺蜜,北投,脚会,d
2016-08-04-07-06-51.txt,4,除了墙上的人气料理外其实店里菜色还蛮多样化的，除了一般︽⊙＿⊙︽常见的好菜外，热炒甚至是海鲜料理也应有尽有,通化街夜市,木雕,好料,竹南,金门,e
2016-08-04-07-06-51.txt,5,另外︽⊙＿⊙︽ cc cream也有着超级吸睛的霜淇淋造型，我看了好久~肚子越看越饿哈,cosme,系数,olay,讲堂,pamper,c
2016-08-04-08-08-58.txt,1,四草的︽⊙＿⊙︽很漂亮，自己已经拍过两次　这次只替朋友家人拍，就在上头和小朋友们,示人,战利,绿色隧道,肯德基,时计,c
2016-08-04-08-08-58.txt,2,进去check in之前，先去觅食吧！而从世纪旅店往前走大约2分钟，到了︽⊙＿⊙︽二路与自强三路口，就是自强夜市的范围了，因此不管再晚到这里，想要吃吃喝喝都不成问题,苓雅,绿能,雪碧,乐游,保水,a
2016-08-04-08-08-58.txt,3,这次︽⊙＿⊙︽行的缘起，基本上就是为了消耗上次在八月份因八八水灾取消行程保留的订,岳阳楼,树林,三貂岭,台南,半岛,d
2016-08-04-08-08-58.txt,4,后来我想好像不需要买秋冬专用粉饼了说...因为之前合购的时候顺便买了︽⊙＿⊙︽的舒芙蕾粉,睡美人,护唇膏,sonicare,雪花秀,网购,d
2016-08-04-08-08-58.txt,5,我在草祭从下午待到傍晚，发现台南人的生活步调和台北人大不相同。下午的上班时段里，︽⊙＿⊙︽还是不断有人上门；到了傍晚，当台北人正忙着搭捷运、赶公车的尖 峰时刻，不少台南人已经回家洗好澡，吃过饭，跑来逛︽⊙＿⊙︽了。还有的，拿了新买的二手书就到隔壁新开的小说咖啡，慢慢享受与书独处的宁静时光,新作,烟熏小站,阿倍野,山上,书店,e
2016-08-04-09-11-05.txt,3,金石堂网路︽⊙＿⊙︽11/4、诚品书局11/14正式上架！现在到各大书局都可以买到书，如果找不到，再麻烦跟店员说一声喔,书店,经营者,烟熏小站,山上,影子,a
2016-08-04-09-11-05.txt,2,九份，无人不知的山城；台北市︽⊙＿⊙︽的十八份，鲜为人知，反而保有桃花源般的幽静,演员,北投,依法,天亮,机壳,b
2016-08-04-09-11-05.txt,1,最后来要感谢每个陪伴允嘉兄妹俩长大的亲朋好友！大家几乎都被允嘉带来︽⊙＿⊙︽435艺文特区玩过小石头~,板桥,香菜,孝亲,不容,乐事,a
2016-08-04-09-11-05.txt,5,刚好那天满一车，我们民宿有一对老夫妻从︽⊙＿⊙︽玩上来加我们共四人，另一间则有三位年轻人,高雄,扇形车站,飞机,西湖,前馆,a
2016-08-04-09-11-05.txt,4,︽⊙＿⊙︽商圈热闹的很，不过 meiko 就是没逛过，住宿就安排了在︽⊙＿⊙︽商圈，房价一张小朋友多,店面,人包,东海大学,六福水乐园,新堀江,e
2016-08-04-10-13-13.txt,3,︽⊙＿⊙︽赋活弹力渗透乳ia全脸都可擦拭  像是鼻头或是比较粗糙的部位可以多加强按,眉彩,流金,albion,收工,sisley,c
2016-08-04-10-13-13.txt,2,上礼拜鸟先生带我们去︽⊙＿⊙︽前后站、博爱街、济安宫、山佳车站、育英街、日新街逛早市游车河，顺便解决几,进场,树林,梨子,国籍,雾面,b
2016-08-04-10-13-13.txt,1,一把车开进停车场，就看到好气派的大门与一对︽⊙＿⊙︽，这是～～来到皇宫了吗？x,老牌,时计,狮子,软化,简餐,c
2016-08-04-10-13-13.txt,5,淡水这个知名景点应该很少没去过，尤其捷运开通后到淡水非常的方便，我时常搭上捷运就往淡水去，老街走走买些知名糕点，香酥美味的鱼酥，河堤边老榕树下乘凉，︽⊙＿⊙︽看夕阳,贩卖部,地下道,渔人码头,高雄市,饶河街夜市,c
2016-08-04-10-13-13.txt,4,这小火车咖啡馆的装潢、空间和食材都不错，邻近︽⊙＿⊙︽车站交通便利，位置也算闹中取静，但有个小缺点就是冷气不是很凉，我们来访时客人不多，不会觉得热也不会觉得冷，如果假日人潮一多，冷气就不知道够不够力了,宜兰,老牌,白河,新庄,场馆,a
2016-08-05-09-00-13.txt,2,其中也不乏每天报到的常客，让︽⊙＿⊙︽总是充满笑声，客人在这种气氛感染之下，久而久之也成为了好朋友，︽⊙＿⊙︽的存在有如像是不可或缺的邻居一般,书店,香火,八甲,薄型,裤型,a
2016-08-05-09-00-13.txt,1,由于前一天晚上要睡觉前，开始下雨了，而且雨势还不小，当时还蛮担心雨会一直下不停。不过，这天早上，按照原订的时间起床，虽然远方︽⊙＿⊙︽洋上的云层蛮厚的，但天气还不错，就看看有没有机会，看到太阳从海平面升起的那一瞬间了,奖品,清空,太平,车费,私下,c
2016-08-05-09-00-13.txt,4,位于九芎埕里的设治纪念馆，也是早期的︽⊙＿⊙︽县长官邸。占地约800坪，官邸建筑约100坪，因考量它的历史价值，所以被保留下来，开发成现今的︽⊙＿⊙︽设治纪念馆,湖景,白河,新庄,宜兰,木屐,d
2016-08-05-09-00-13.txt,3,不过有听说霹雳︽⊙＿⊙︽戏的剧情非常的错综复杂~~一般非︽⊙＿⊙︽戏迷要入门欣赏会有点困难,售票口,圆筒,台东县,鹿谷,布袋,e
2016-08-05-09-00-13.txt,5,cle de peau光采︽⊙＿⊙︽我的色号都比较偏白   因为我的脸肌肤比较白皙  适合白一点的色,肩线,nivea,hermes,主色,粉饼,e
2016-08-09-06-12-03.txt,1,每到冬季就会有候鸟纷纷降临︽⊙＿⊙︽，让︽⊙＿⊙︽海港聚集的鸟类多达200多种,圆筒,基隆,毛巾架,刷子,规则,b
2016-08-09-06-12-03.txt,4,我想可能是我平常穿的鞋子比较硬，所以跟sue ︽⊙＿⊙︽一比之下，显得这双惊为天人！x,ettusais,london,眼线笔,步行街,火车,b
2016-08-09-06-12-03.txt,2,我很喜欢水舞馔，因为食物的品质非常的不错，很少吃到踩到地雷的菜！这次来到︽⊙＿⊙︽想说台北去了那么多次水舞馔就是没有在︽⊙＿⊙︽的吃过，所以特地选择要在︽⊙＿⊙︽的水舞馔享用早餐,台中,能用,威塑,阿拉伯,意识,a
2016-08-09-06-12-03.txt,3,基本的防晕染还不错，我用起来是没有感觉到有晕染的现象，︽⊙＿⊙︽都很乖的待在睫毛,油性,睫毛膏,cartier,专科化妆水,神机,b
2016-08-09-06-12-03.txt,5,终于花莲还有19km...至于下面那个台东...前面的 你还要跟我说你要冲︽⊙＿⊙︽金针花吗??,精灵,西南,沙鹿肉圆,大肚,太麻里,e
2016-08-09-07-21-30.txt,2,l’︽⊙＿⊙︽ paris巴黎莱雅在2015年同步推出的奇迹美白系列包含了→奇迹美白霜、奇迹美白眼,天府,oreal,鱼会,归途,大润,b
2016-08-09-07-21-30.txt,1,这里有很多戏偶以及介绍霹雳︽⊙＿⊙︽戏的历史，喜欢︽⊙＿⊙︽戏的朋友一定要来这朝圣一下,抗皱,布袋,坚果,熟龄,飞行,b
2016-08-09-07-21-30.txt,3,※宜兰/︽⊙＿⊙︽/礁溪/壮围/员山/三星/罗东/五结/冬山饭店民宿住宿整理推荐,百里香牛肉面,头城,备案,台中新社,靠右,b
2016-08-09-07-21-30.txt,5,innisfree的︽⊙＿⊙︽颜色很平实...嗯！这是我脑中第一个浮现的形容词 哈,水润面膜,档期,净肤仪,面色,眼影,e
2016-08-09-07-21-30.txt,4,又骑了一小段路　我们来到︽⊙＿⊙︽洞　这边就是一个洞　然后里面拜︽⊙＿⊙︽这样x,展区,观音,杉林溪,香茅鱼,分界,b
2016-08-09-08-16-21.txt,3,台中高铁站 →新社百菇庄 →菇神餐厅午餐 →国立台中图书馆 →草悟道巡礼 →︽⊙＿⊙︽ →夜宿亚致大饭,逢甲夜市,金湖,简餐,走台,屋顶上的猫,a
2016-08-09-08-16-21.txt,2,主办单位行程安排的还不错，坐了一个半小时的车，先让大家动脑动手做个diy，苏醒一下，再去享用办桌美食，吃饱饱带你去走走，消化一下。这天文化导览先从︽⊙＿⊙︽火车站→林业展示馆→萧如松艺术园区→再回到火车站。沿路看到什么，带队人员会解说，只是我们人数多，队伍拉的有点长，部份听不太清楚，可惜了..,竹东,视窗,作家,主餐,成就,a
2016-08-09-08-16-21.txt,1,真的是间cp值不错的民宿哦!尤其以地点来说去罗东镇或︽⊙＿⊙︽闹区都很近，非常适合亲子或团体客入住，毕竟能烤肉又同时能看件孩子在一旁安心玩的民宿不多吧,冬山,星灿,老王,来点,乳香,a
2016-08-09-08-16-21.txt,5,︽⊙＿⊙︽县︽⊙＿⊙︽郡菰野町和滋贺县东近江市的分界，也是铃鹿山系的第一高峰，山腰下还有最著名的汤之山温泉，所以我们搭成的站叫作汤之山温泉站，听说有一千三百多年历史呢！全长有2161公尺，两端的高低差有780公尺,家的,三重,南化,王功渔港,地利,b
2016-08-09-08-16-21.txt,4,以上就是将我目前手边的︽⊙＿⊙︽做一次性的整理，今天是七夕情人节，祝大家情人节快乐，顺利接吻，然后顺利做很多事 ...，但唇部就是要顾好就是了,ferragamo,微波,prairie,防尘,护唇膏,e
2016-08-09-09-18-29.txt,1,最后这张照片，是从阳光味宿走路到︽⊙＿⊙︽其中的一段，就是要爬楼梯，小小运动一下呀！,九份老街,个子,电话,代号,经商,a
2016-08-09-09-18-29.txt,2,我年纪小孩不懂事  常常拿妈妈的保养品偷擦  ︽⊙＿⊙︽也是我妈妈的最爱平价保养品,歌词,olay,礼门,字领,数量,b
2016-08-09-09-18-29.txt,5,台湾迪奥也有︽⊙＿⊙︽帐号啰！现在就用手机扫描以下qr code，跟我一样掌握第一手法式美妍彩妆资讯吧,客服,讯息,line,kanebo,欧恩伊,c
2016-08-09-09-18-29.txt,4,1. 国道一号由王田︽⊙＿⊙︽下高速公路，沿台一号公路转台十四号公路，经草屯往埔里方向右侧,山上,农夫,斜度,百里香牛肉面,交流道,e
2016-08-09-09-18-29.txt,3,吃饱喝足逛︽⊙＿⊙︽瓶盖工厂『play ground游乐。园』，展期为2011年10/15~11/30，除了展区现场的装置艺术之外，还有常态导览、假日导览和创意市集,小姑,南港,爱河,云林县,土家,b
2016-08-09-10-20-36.txt,1,因为感觉时间就要很久，所以刚挂完号我就请高大哥先回去，我们在医院折腾了四小时，出来还遇到人很好的计程车司机，︽⊙＿⊙︽真,书墙,领地,会感,宜兰,空桥,d
2016-08-09-10-20-36.txt,2,最后唇彩使用女神宋慧乔的兰芝超放电丝绒双色︽⊙＿⊙︽   咬唇妆的女神真是太正拉！！,民权,唇膏,正下方,特性,拉车,b
2016-08-09-10-20-36.txt,3,虽然暑假已经结束，但金针花季会一直到九月中，现在游客铁定比暑假来得少，还想安排︽⊙＿⊙︽金针花行程的朋友，除了本篇游记的即时花况之外，还可以参考这篇饮食交通管制懒人包,沙巴,新盖,花莲,后里,石牌,c
2016-08-09-10-20-36.txt,4,喜欢凑热闹的人，不妨来︽⊙＿⊙︽灯会走走噜，真的还蛮大的喔，享受最后一点年味也不错噜，呵呵,观景,菁寮,归仁,凤山,苗栗,e
2016-08-09-10-20-36.txt,5,几周前受邀造访了︽⊙＿⊙︽的大地酒店，让熊跟喵一口气能饱览美景泡透正点室内与户外,跨海大桥,斜路,榕树,北投,武岭,d
2016-08-09-11-22-43.txt,1,︽⊙＿⊙︽山庄沿着山坡建筑，中间以418个阶梯连结。阶梯两旁红通通的植物，乍看以为是枫树，可是现在又不是秋天，怎么会有枫树呢?原来这火红的一片植物是紫叶槭，常年呈现红色，点缀两旁，很有意境，让人有秋天的错觉,错误,太平,时程,西佳,皮靴,b
2016-08-09-11-22-43.txt,2,在福田瓦舍住宿，因为地处偏僻，所以晚上睡的很好，也因此睡到连早餐都来不及吃，虽然很可惜，但我觉得度假就是不疾不徐，早餐没有吃到也没关系，因为偶尔能睡的饱些，我觉得是值得的。福田瓦舍的主人，热情且好客，对于民宿的经营与︽⊙＿⊙︽在地的资讯都很在行，到︽⊙＿⊙︽旅行，到此一宿还能从老板口中知道有哪里好玩、好吃的，是很大的收获啊,储蓄,三义,伯克利,对象,咖啡因,b
2016-08-09-11-22-43.txt,5,柠檬汁一杯35元，感觉就是柠檬现搾而成，有着酸中带甜的滋味，真的很好喝，难怪来︽⊙＿⊙︽的人都会喝上一杯柠檬汁,月台,环景,新城,澎湖七美,典酱家,c
2016-08-09-11-22-43.txt,4,最后，我自己是带了防水︽⊙＿⊙︽ #987白金 和圆形腮红 #180亲密 ，给大家参考 ..,圆形,burberry,法国名牌,水养,眼线笔,e
2016-08-09-11-22-43.txt,3,c︽⊙＿⊙︽elle、simone pérèle、princesses tam.tam、aubade这几个也是我很爱的法国品,hant,一星,jacobs,蓝晒图,visee,a
2016-08-09-12-24-49.txt,1,染眉膏是真的缺一支，︽⊙＿⊙︽则是因为我个人莫名的坚持，就是每认识一个新牌子就从黑色︽⊙＿⊙︽入门xd,大正,巧寓,小阳台,眼线笔,金身,d
2016-08-09-12-24-49.txt,2,先用习惯的︽⊙＿⊙︽产品画上外︽⊙＿⊙︽之后 以棉花棒的另一头沾取最深色的黑咖啡,梅雨季,眼线,光年,乐队,铸铁,b
2016-08-09-12-24-49.txt,3,︽⊙＿⊙︽ 2014新款丝绒粉底perfection lumiere velvet/三色限量腮红也是重点!,舒肤,neogence,手部保养,软箱,chanel,e
2016-08-09-12-24-49.txt,5,雯雯热食部 + 野银部落壮观的︽⊙＿⊙︽地下屋 + ︽⊙＿⊙︽气象观测站 + 手工艺品店,红枫,农山,南府,斗六,兰屿,e
2016-08-09-12-24-49.txt,4,这瓶9999纯金金箔︽⊙＿⊙︽是以安瓶装的，这样可以确保品质皆在最新鲜的状况~因为是10ml的~所以大约7~10天就会使用完毕,滴下,holika,汤汁,smashbox,精华液,e
2016-08-09-13-26-57.txt,1,当然，诚如我刚所说的，如果肌肤状况不是很稳定，像我三不五时痘痘也是会肆虐到我难以控制，但又要打底妆时，我就会刷这块柔矿迷光炫彩饼，可以做必要性︽⊙＿⊙︽，同时达到修片感，但肌肤也比较不会有负担这样,白袜,断崖,遮瑕,时带,谢孟雄,c
2016-08-09-13-26-57.txt,4,都已经成为文创产业进驻的热门景点，周休二日的活动和展览总能吸引满满人潮，里面有不少爸妈带着孩子来趟亲子一日游，除了看展览长知识，吃喝玩乐都可满足。而︽⊙＿⊙︽文化创意产园区，原是︽⊙＿⊙︽旧酒厂历史建筑，定位以传统艺术创新为主轴，结合酒文化产业为基础，也很有自己的特色,对面,八仙洞,台北桥,嘉义,夜车,d
2016-08-09-13-26-57.txt,3,b1后方为︽⊙＿⊙︽来的银汤匙泰式火锅及全省连锁的卡布里乔莎义式餐厅，中间环形区域的地方有贩,林百货,田村,西子,台中,大员,d
2016-08-09-13-26-57.txt,2,细部去看，你会发现这膜真的相当细致，纹路的雕刻，因应美一个不同的皱折，产生出截然不同的层次，组合而成宛如蕾丝的花样，却又并非是真正的蕾丝，而是︽⊙＿⊙︽自己创造出来的蕾丝感，然后在建立出山茶花的样貌，很︽⊙＿⊙︽，很2014，很蕾丝,标准,头顶,chanel,蓝莓,早茶,c
2016-08-09-13-26-57.txt,5,结果一次又买了二十包，有的要送家人，有的要送公司同事，结果分一分我又没得吃了!这里除了有麻糬还有花莲薯和︽⊙＿⊙︽糬，一包也是50元，来这里就是买工厂自制自营的最划算,容器,鳟鱼,芋头,西湖,大鹏湾,c
2016-08-09-14-29-05.txt,1,这间粉鸟林应该算是︽⊙＿⊙︽长庚附近的好评店家，小姑之前已经来吃过晚餐，这次算是二访，一次晚餐一次午餐,小香,薏仁,台北,稻米,天宫,c
2016-08-09-14-29-05.txt,2,"我用的是扁的眼影刷, 我先用扁的面从眼睛的一半往眼尾化, 有一点像是化︽⊙＿⊙︽一样, 延伸出眼角大概0.5公分的地",花青素,阿嬷,眼线,鱼饼,收藏品,c
2016-08-09-14-29-05.txt,4,不过在台中︽⊙＿⊙︽这个地区生产的小麦居然就占了台湾90%以上了，又以大林路一带最为集,天府家常菜,大雅,剑湖山,油麻,总部,b
2016-08-09-14-29-05.txt,5,第二天：壁山观景台→北竿北海坑道→坂里沙滩→桥仔聚落→︽⊙＿⊙︽聚落→晚上蓝眼泪,船长,芹壁,陶艺,总督西餐厅,苏美岛,b
2016-08-09-14-29-05.txt,3,"这是我第一个︽⊙＿⊙︽包包, 还记得我大概22岁大学毕业的时候就希望有一天可以有能力帮自己买一个︽⊙＿⊙",手部保养,neogence,chanel,乔米,裁缝师,c
2016-08-09-15-31-12.txt,2,"大家都知道韩国的美妆︽⊙＿⊙︽,,,,设计都很都有巧思~~不论是功能功效都很对台湾女孩闷的胃口^",猪圈,保养品,琉球,政事,商圈,b
2016-08-09-15-31-12.txt,3,但是通常保湿︽⊙＿⊙︽中多少含有油脂成分在，在夏天时使用起来往往也容易让皮肤有种不透气的感受,保养品,恋爱魔镜,油腻,cosme,床组,a
2016-08-09-15-31-12.txt,1,&gt; line ︽⊙＿⊙︽系列的熊大，兔兔，雷纳德，馒头人，这几个重量级的明星人物现在部分免费下载到3/31日大家要好好把握哟!,廉价,床房,friends,哺乳,假日酒店,c
2016-08-09-15-31-12.txt,4,accessories→ momo's ︽⊙＿⊙︽h / rinco / alma,neogence,圆裙,拖鞋,肌研白润,marc,e
2016-08-09-15-31-12.txt,5,在拍完这只引人注意折耳猫，便回到广场搭接驳车回︽⊙＿⊙︽捷运站。而在等捷运的时候，因为接近日落时分，在月台就可以欣赏到不错的景色,淡水,埔里酒厂,茶馆,海水,兴隆路,a
2016-08-09-16-33-21.txt,3,其实我从小时候就很爱菓风小舖的棒棒糖，所以一知道︽⊙＿⊙︽有菓风糖菓工房当然要排入行程内，怎么可以错过呢,宜兰,车站,风灾,新庄,白河,a
2016-08-09-16-33-21.txt,2,至于网路上有看到四种质地不同的单色︽⊙＿⊙︽，本来也以为今天会看到，不过公关说二月才会,心斋桥,眼影,来场,案内,道别,b
2016-08-09-16-33-21.txt,1,最后从饭店大厅往︽⊙＿⊙︽的码头方向走出，就可以看到旁边有阿基师q版吉祥物造形,渔人码头,肌感,胶原,阿淳,蚊液,a
2016-08-09-16-33-21.txt,5,现在除了激光焕白︽⊙＿⊙︽优惠之外还可以免费兑换激光焕白粉底液喔，大家快点靠柜体验吧！,bourjois,气垫粉饼,瑰柏翠,越糟,选组,b
2016-08-09-16-33-21.txt,4,我们是下午来到︽⊙＿⊙︽，隔天将近中午要离开时，cushy怎么按车子的中控锁遥控器却都没反应,游泳池,空桥,九芎湖,台中市,旗津,e
2016-08-09-17-35-28.txt,1,如果来台北玩，想在永康街一带吃吃食，或想到忠孝东路sogo、︽⊙＿⊙︽shopping的话,信义区,尚圈,婚礼,心型,图示,a
2016-08-09-17-35-28.txt,2,擦额头的︽⊙＿⊙︽其实很简单，同样将食指、中指、无名指并拢，利用手指前端，两手交错的『由下往上』轻拍上︽⊙＿⊙︽。有点细纹的人，在『由下往上』的过程中可略为施力，将肌肤往上提拉，并有抚平细纹的效果,草鞋,整场,保养品,橄榄树,套票,c
2016-08-09-17-35-28.txt,5,捷运松山线美食懒人包～捷运台北小巨蛋站/︽⊙＿⊙︽站/中山站/松江南京站美食一次,西坪,西门,台南七股,行脚,版图,b
2016-08-09-17-35-28.txt,3,︽⊙＿⊙︽飞行伞的基地多半在 福华饭店周边，看的到沙滩! 还可以降落到沙滩!!,岛屿,庆丰,王公,仑背,万里,e
2016-08-09-17-35-28.txt,4,2014年，︽⊙＿⊙︽最顶级的极致系列做了更新升级：创．极致，以创生美丽无限为概念，来试图超越女人美丽的极限，不过也因为是最顶级的系列，到目前为止我也就只用过旧款的极致洗颜皂，那cashmere等级的泡沫，同时伴有相当迷人的沈醉玫瑰香氛，卸妆的同时，也就是在给予自己一种芳疗的舒适感受。而在来到了创．极致，就是以创生．净化．完美，来再一次定义完美极致的脸庞，这本创．极致精装书，则是先前护肤会的赠品,kose,高贵,彩度,origins,肌肤之钥,e
2016-08-09-18-37-38.txt,2,听说年轻老板是牛肉面痴，大台北、宜兰几乎好吃有名气的牛肉面他都吃过，老板说台北好吃的牛肉面之中，清炖的最喜欢林东芳牛肉面，左边就是类似林东芳牛肉面的辣牛油，我看隔壁桌正妹加了汤头红通通。至于红烧牛肉面则推︽⊙＿⊙︽公园的。吃一半的时候，记得加点蒜泥试试，也很对味,飞象,永康,爆米花,桌巾,过噜,b
2016-08-09-18-37-38.txt,1,一般像是loft、tokyu hands都一定可以找得到，很多百货里的cosme ︽⊙＿⊙︽也有贩售,kitchen,朵花,女神像,成正比,唇妆,a
2016-08-09-18-37-38.txt,3,43会馆位在宜兰︽⊙＿⊙︽乡三吉一路的小巷里，附近没什么大的地标，还好有gps导航，一路过来倒是满顺利的,背包,五结,奇岩,曾文水库,岔路,b
2016-08-09-18-37-38.txt,4,什么样的装潢会令人尖叫？一个舒适让你感到幸福感的就可以打动你的心！小樱桃把宜兰当作自己的后花园，三不五时的有机会就往那跑，不过最近小樱桃身体不太舒适，所以总是懒得出门走走~但心想好久没有出门来趟宜兰，单纯地待在电视机前面或是看着窗外绿油油的稻田也很棒！于是...这一次我赖在︽⊙＿⊙︽亲水居民宿度感受他们对家的用心,国宅,水社,绿意盎然,高爷,冬山,e
2016-08-09-18-37-38.txt,5,小分享给大家在平日想要快速完成底妆　也想要妆感尽量薄透自然不需要过度︽⊙＿⊙︽的随性casual loo,七色,cosme,laduree,瘦度,遮瑕,e
2016-08-09-19-39-44.txt,1,他们家的︽⊙＿⊙︽颜色很多，而且也很饱和，重点是小小一罐价格较低，很适合喜欢玩美甲的女生,意志力,小梨,指甲油,查尔斯,数位,c
2016-08-09-19-39-44.txt,2,"""不过看到有不少外地人特地来︽⊙＿⊙︽赏樱花，即使没有看到预期中的樱花海，但来的人还是非常开心，因为在台北市区难得可以看到那么多株樱花呀。谢谢社区里有那么多喜爱自然的志工与居民，如此照顾这片园地，让我们住在这里的人，能在春天有这样幸福的景色可以欣赏，相信明年一定会美吧，大家敬请期待""",区别,条约,新郎新娘,东湖,羊羹,d
2016-08-09-19-39-44.txt,3,她位于︽⊙＿⊙︽乡龙潭村，距离宜兰市区只有6公里，优美宜人的湖光山色，令人心醉神迷,山上,瓦城泰国料理,草岭,旅馆,礁溪,e
2016-08-09-19-39-44.txt,5,"竹林站是位于今日罗东林区︽⊙＿⊙︽的所在地,前身为日据时代的罗东出张所及贮木池旧址, 占地约20公",新兴,项目,沙尾,朱铭,管理处,e
2016-08-09-19-39-44.txt,4,包装产品说明上指明需按压三次，也会觉得对于男性︽⊙＿⊙︽教学上，似乎都需要这样step by step的教导。不然，一次可能太少，太多次又会过多，实际使用过后，三次确实是最足量的。足量足量，︽⊙＿⊙︽确实需要足量才能真的发挥效果，就好像这阵子大家在疯的三层化妆水，道理其实不脱足量的概念。也因此，保养的同时，也确实需要理解足量的概念,金灿,妞儿,恋爱魔镜,cosme,保养品,e
2016-08-09-20-41-53.txt,2,台北有五分埔，咱们︽⊙＿⊙︽也有后驿商圈，不想去百货公司的小资女，省钱的妈妈都嘛可以,高雄,消费者,画圈,果味,内馅,a
2016-08-09-20-41-53.txt,1,造︽⊙＿⊙︽，来感受 一下清境的好空气也是不错滴。辽阔的山景真是让人觉得心旷神怡呢~〔单篇详文,黛丝,外带,清境农场,蜡烛,麦克风,c
2016-08-09-20-41-53.txt,5,不过这一路可是惊险万分，路很小条而且坡度又非常陡，然后司机先生又开很快，真的非常非常恐怖…一路上我抓着扶把的手没放松过，几个陡坡和发夹弯甚至要念阿︽⊙＿⊙︽佛,弥陀,丰原,草屯,集集,百济,a
2016-08-09-20-41-53.txt,3,距我上一次来到︽⊙＿⊙︽青青草原，好像是五年前的事了哪，而且那次还飘不小的雨！&gt;,京都大阪,离岛,团客,清境农场,海友,d
2016-08-09-20-41-53.txt,4,眼线胶新色、触控式眼线液 又出现了、特殊刷头的︽⊙＿⊙︽、烧死人的眼影盘...,睫毛膏,瓶身,惯用,cartier,专科化妆水,a
2016-08-09-21-44-01.txt,1,又火速的买了ga限量腮红11号跟︽⊙＿⊙︽的限量腮红霜ex01 light pink,跳蚤,身体,藩主,lunasol,真妮,d
2016-08-09-21-44-01.txt,3,平常在卸妆的时候，就有轻微去角质的效果，所以后续︽⊙＿⊙︽都非常好吸收，上妆也会比较服,首图,恋爱魔镜,残胶,cosme,保养品,e
2016-08-09-21-44-01.txt,2,酒店所有房间都有对外窗，酒店中庭的天井，光线相当充足，还有绿化，整个︽⊙＿⊙︽,色情,骨子,绿意盎然,男用,小米,c
2016-08-09-21-44-01.txt,4,自饰非凡～备受瞩目︽⊙＿⊙︽蜜 #04是很适合做一个 卧蚕或是眼皮上做一个亮点的时,水润面膜,型号,净肤仪,精雕,眼影,e
2016-08-09-21-44-01.txt,5,台中市区车程较近，中部朋友不需要舟车劳顿开至︽⊙＿⊙︽人挤人，园区内提供其他设施及住,小港机场,冰雹,武陵农场,大庭牛肉面,假花,c
2016-08-09-22-46-10.txt,1,︽⊙＿⊙︽，外观是日式平房。其前身是安平出张所。2010年结合当地的盐产业文化，命名为＜︽⊙＿⊙︽＞,小便宜,夕游出张所,专心,水杨酸,车窗,b
2016-08-09-22-46-10.txt,2,金石堂网路︽⊙＿⊙︽11/4、诚品书局11/14正式上架！现在到各大书局都可以买到书，如果找不到，再麻烦跟店员说一声喔,书店,冬山,丝光,小油,冰雪,a
2016-08-09-22-46-10.txt,3,搭乘花莲客运1131班次，于︽⊙＿⊙︽二下车，下车后步行中山路三段，过了花见幸福民宿后，于大山桥前左转沿着堤岸直行，可见白云步道指示,庆丰,高美湿地,道路,大坡池,意度,a
2016-08-09-22-46-10.txt,4,『进昌咖啡烘焙馆』真的是位在︽⊙＿⊙︽间，如果是假日前往的话，停车可能会是一个问题,丽景,东港华侨市场,十三行博物馆,田中,阿勇,d
2016-08-09-22-46-10.txt,5,"""面包与巧克力仓库就在隆昌路边，很容易就可以发现。原本不知是拿来存放什么的大仓库，摇身一变，看起来仅仅是换了仓库的门与窗户，但就像是被魔法棒点过一样，活了起来。男主人是外国人，女主人是台湾人，我不知道他们过往的故事，但是我想他门和很多移民︽⊙＿⊙︽的人一样，都是爱上了这里的土地与环境，才决定落地生根在这里。确实，隆昌是个不热闹但适合生活的好地方""",闽南书院,玩水,瓜瓜,台东,四草大桥,d
2016-08-09-23-48-19.txt,1,加上慢慢找到了比较适合自己肤质的︽⊙＿⊙︽，现在的肌肤状况真的比年轻时稳定的多了,王宫,保养品,风貌,巧心酥,异人,b
2016-08-09-23-48-19.txt,3,刚开始我以为日本研发制造的︽⊙＿⊙︽应该不便宜  结果出乎意料的好亲民阿！！！,恋爱魔镜,心机,cosme,汗水,保养品,e
2016-08-09-23-48-19.txt,4,宜兰民宿真的愈来愈不一样了!! 这家位于︽⊙＿⊙︽畔的悠悦光民宿，是个品味独具、气度非凡的优质渡假好选择。内部陈设低调奢华，高规格的设计加上开放透明的空间、让人一进来就有种无拘无束放松悠闲的感觉，加上附近︽⊙＿⊙︽畔湖光山色、景色怡人，来这里游玩，美景加美宿，绝对是旅途中的美丽回,梅花湖,中坜,栏杆,杂草,环河,a
2016-08-09-23-48-19.txt,2,从去年开始，︽⊙＿⊙︽ last就有推出跟迪士尼联名合作的米妮限定版蜜粉，因为非常热销，所以今年又追加推出妆前乳,绒面,耳闻,蛋花,clear,柴鱼,d
2016-08-09-23-48-19.txt,5,中午先去︽⊙＿⊙︽吃粄条，吃完才顺路绕进来，第一次开进这条小路，沿路好多柿饼店啊,知本,万华,东部,晨间,新埔,e
2016-08-10-00-50-30.txt,2,葡萄籽精华露：这瓶我已用到第三瓶了，它针对指缘甘皮的软化和滋润很有帮助，甚至是女性因为长期穿包鞋或高跟鞋而产生的厚茧也有所帮助，每次擦完它，我的指缘仿佛喝了5000公升的保湿︽⊙＿⊙︽一样，不再干巴巴的了！夏天穿上凉鞋，露出脚指头也不再害羞,牛山,化妆水,电动车,肢体,管线,b
2016-08-10-00-50-30.txt,1,还有泡汤池可以享受着，看到窗外的︽⊙＿⊙︽，这样的景致可以让人大大的放松，这是在都市里感受不到的乐趣，下次来到花莲寿丰乡，可以来到小雨蛙体验农村的乐趣呦,小件,莲花池,屁屁,方格,线笔,b
2016-08-10-00-50-30.txt,3,"古庙庆元宫正在整修,这可是开兰妈祖庙喔!布条上还介绍期待妈祖庙回复往日风华继续为孩子们诉说着︽⊙＿⊙︽老街与石港春帆的故事",烤鸭,台中新社,百里香牛肉面,头城,若宫,d
2016-08-10-00-50-30.txt,5,︽⊙＿⊙︽的灯塔不叫王功灯塔，而是芳苑灯塔，跟一般纯白灯塔不一样的地方是芳苑灯塔是黑白相间的条纹，因为芳苑灯塔并不是在岸边，用这个颜色是为了让渔船容易辨别，不会被误导靠岸，而这个黑白灯塔也成为这里的一大亮点,老元香,盛夏,兰屿旅游,芦洲,王功渔港,e
2016-08-10-00-50-30.txt,4,前阵子经过东区︽⊙＿⊙︽ ︽⊙＿⊙︽台湾好像也要开了   正在装潢中  应该不久就会跟大家say hello,角色,erastase,安朵,cleansing,holika,e
2016-08-10-01-52-38.txt,1,很想约人，但太远，骑机车载人又太冷，找人开车对司机又不好意思，光车程来回6小时，就自己速去速回，3点要赶去︽⊙＿⊙︽看电影-挪威的森林,西门町,智恩寺,脆口,妈妈,湿地,a
2016-08-10-01-52-38.txt,2,︽⊙＿⊙︽的燕子口有个印地安人头像，这儿则据说有︽⊙＿⊙︽酋长头像，但我们并未找到正确位置,野口,缺点,台塑,太鲁阁,金属,d
2016-08-10-01-52-38.txt,3,或是擦除不小心沾到︽⊙＿⊙︽的皮肤也可以直接使用mdmmd.极致水漾除彩液，还蛮好清除的,prada,靴子,指甲油,cleansing,蛋型,c
2016-08-10-01-52-38.txt,4,************************ 本文为︽⊙＿⊙︽邀稿 ***********************,小木马,理想大地,叶记,新湖,阿灶伯,b
2016-08-10-01-52-38.txt,5,我们住在埔里︽⊙＿⊙︽的稻湘村民宿，司机驾驶功力一流，狭窄的山路依然开得很妥当，一到民宿我们先卸下单车，把车组好,储水,外婆,桥头,锦记,山上,e
