phrase_name,tag_CK,count_CK,modified_tag,modified_count
一不做二不休,VH11,1,i,6
一個鼻孔出氣,VH11,0,i,6
一元方程式,Nac,0,n,5
一分收獲,Nad,0,n,4
一分錢一分貨,VH11,0,i,6
一哄而散,VA11,5,v,5
一回生二回熟,VH11,0,i,6
一字,Dh,11,n,11
一年生植物,Nab,0,n,5
一愣,VH11,6,i,6
一日之計在於晨,VH11,0,i,7
一次方程式,Nac,0,n,5
一發不可收拾,VH11,21,i,21
一目了然,VH11,14,i,14
一竿子打翻一條船,VA4,0,v,8
一絕,Nad,7,n,7
一而再再而三,Dd,0,d,6
一舉手一投足,Nad,0,n,6
一語,Nad,5,n,5
一語成讖,VH11,1,i,4
一語驚醒夢中人,VA4,1,v,7
一起兒,Dh,0,n,3
丁壯,Nab,0,n,2
丁是丁卯是卯,VH11,0,i,6
丁男,Nab,0,n,2
七十二烈士,Nab,0,n,5
七弦琴,Nab,0,n,3
万,Neu,0,m,1
丈母娘,Nab,2,n,3
三七五減租,Nad,1,n,5
三人行必有我師,VH11,0,i,7
三十六計走為上策,VH11,0,i,8
三十年代,Ndaaa,0,n,4
三句不離本行,VH11,0,i,6
三商銀,Nca,22,ns,22
三善根,Naea,0,n,3
三國誌,Nab,0,n,3
三大洋,Nca,0,ns,3
三天打魚兩天曬網,VA4,0,v,8
三專,Ncb,6,n,6
三弦,Nab,11,n,11
三弦樂器,Nab,0,n,4
三弦琴,Nab,0,n,3
三極真空管,Nab,0,n,5
三民主義統一中國,VH11,0,i,8
三總,Nca,11,ns,11
三軍總醫院,Nca,0,ns,5
三輕,Ncb,2,n,2
上匾,Nab,0,n,2
上台,"Nv4, VA13","0, 104",v,106
上學校,VA13,3,v,3
上客,Nab,0,n,2
上年紀,VH11,0,i,3
上座,"Nac, VA4","1, 1","n, v","2, 2"
上弔,VA4,1,v,2
上意識,Nad,1,n,3
上文,Nab,8,n,8
上昇,"Nv4, VA11","0, 19",v,21
上智,Nab,1,n,2
上梁不正下梁歪,VH11,0,i,7
上海話,Nac,6,n,6
上等,Nad,11,n,11
下不了台,VH11,2,i,4
下乘,Nad,1,n,2
下台,"Nv4, VA13","0, 46",v,48
下唇,Nab,10,n,10
下座,Nce,0,n,2
下擺,Nab,2,n,2
下等,A,3,n,3
下詔,VE2,3,v,3
下頷,Nab,0,n,2
下麵,VA4,5,v,5
不一定,Dbaa,377,d,377
不作第二人想,VH11,0,i,6
不佳,VH11,158,i,158
不全,VH11,15,i,15
不准,"Dbab, VE12","66, 52",v,118
不分皂白,VH11,1,i,4
不分青紅皂白,VH11,0,i,6
不只,Daa,262,d,262
不可以,Dbab,135,v,135
不可以道里計,VH11,0,i,6
不可測知,VH11,0,i,4
不可能,Dbaa,524,d,524
不和,VH11,20,i,20
不多久,Dd,5,d,5
不幸中之大幸,VH11,0,i,6
不忘,VK1,52,v,52
不應該,Dbab,0,v,3
不成文規定,Nac,0,n,5
不才,VH11,2,i,2
不按牌理出牌,VA4,0,v,6
不敷,VK2,38,v,38
不日,Dd,1,d,2
不比,VJ2,9,v,9
不渝,VH11,9,i,9
不無可疑之處,VH11,0,i,6
不知好人心,VH11,0,i,5
不知覺,VK1,2,v,3
不結盟國家,Nac,0,n,5
不經一事不長一智,VH11,0,i,8
不能夠,Dbab,66,v,66
不自主,Dh,0,n,3
不自覺,VK1,51,v,51
不見了,VH11,78,i,78
不記名投票,Nad,0,n,5
不識抬舉,VH11,1,i,4
不貳,b,0,zg,2
不貳過,VH11,2,i,3
不足為外人道也,VH11,0,i,7
不需,Dbab,90,v,90
丑,b,0,zg,1
且看,VE2,5,v,5
丕業,Nad,0,n,2
丕變,VH11,12,i,12
丕顯,VC2,0,v,2
世界新聞專科學校,Nca,0,ns,8
世界貿易大樓,Nab,0,n,6
丘陵地,Nab,6,n,6
並出,VH11,0,i,2
中台醫專,Nca,0,ns,4
中國人,Nab,868,n,868
中國商業銀行,Nca,0,ns,6
中國城,Ncb,29,n,29
中國字,Nac,13,n,13
中國工商,Nca,0,ns,4
中國工商專科學校,Nca,0,ns,8
中國年,Nad,1,n,3
中國廣播公司,Nca,0,ns,6
中國文化大學,Nca,0,ns,6
中國文化學院,Nca,0,ns,6
中國文學,Nad,0,n,4
中國文藝學會,Ncb,0,n,6
中國海事專科學校,Nca,0,ns,8
中國石油公司,Nca,0,ns,6
中國菜,Nab,0,n,3
中國話,Nac,41,n,41
中國農民銀行,Nca,0,ns,6
中國醫藥學院,Nca,0,ns,6
中國電視公司,Nca,0,ns,6
中國青年反共救國團,Nca,0,ns,9
中央信託局,Nca,0,ns,5
中央圖書館,Nca,0,ns,5
中央標準局,Nca,0,ns,5
中央處,Ncb,0,n,3
中央警官學校,Nca,0,ns,6
中央通訊社,Nca,0,ns,5
中央面,Ncdb,0,f,3
中山區,Nca,5,ns,5
中心人物,Nab,0,n,4
中心體,Nab,0,n,3
中日甲午戰爭,Nba,0,nr,6
中正理工學院,Nca,0,ns,6
中正紀念堂,Nca,0,ns,5
中聽,VH11,2,i,2
中興法商學院,Nca,0,ns,6
中華工業專科學校,Nca,0,ns,8
中華經濟研究院,Nca,0,ns,7
中華開放醫院,Nca,0,ns,6
中華電視台,Nca,0,ns,5
中華電視臺,Nca,0,ns,5
中華革命黨,Nab,0,n,5
丰,b,0,zg,1
丱,b,0,zg,1
串繞電動機,Nab,0,n,5
丹忱,Nad,0,n,2
丹楓,Nab,0,n,2
丹詔,Nab,0,n,2
主和,VH11,1,i,2
主控台,Ncb,1,n,3
主机,Nab,0,n,2
主机板,Nab,0,n,3
主要性,Nad,0,n,3
久旱逢甘霖,VH11,0,i,5
久病成良醫,VH11,0,i,5
么兒,Nab,4,n,4
么喝,VA4,3,v,3
么爺,Nab,0,n,2
之交,Ng,6,f,6
之初,Ng,83,f,83
之多,VH11,21,i,21
之秋,Ng,5,f,5
乖舛,VH11,3,i,3
乖違,VH11,0,i,2
乘興而往敗興而歸,VA4,0,v,8
九三軍人節,Ndabd,0,t,5
九九乘法表,Nab,0,n,5
也似,Ng,6,f,6
乳娘,Nab,0,n,2
乳缽,Nab,0,n,2
乾娘,Nab,0,n,2
乾巴巴的,VH11,0,i,4
乾材,Nab,0,n,2
乾池,Nab,0,n,2
乾禮,Nab,0,n,2
乾等,VH11,0,i,2
乾躁,VH11,1,i,2
亂丟,VC32,21,v,21
了債,VA4,0,v,2
了然,VH21,5,i,5
了當,b,0,zg,2
了解,Nv2,1869,v,1869
了解到,VK1,62,v,62
事跡,Nac,19,n,19
二極,Naea,0,n,2
二極真空管,Nab,0,n,5
二氧化矽,Naa,1,n,4
二硫基丙醇,Naa,0,n,5
于,P23,47,nr,47
于是,Cbca,10,c,10
于歸,VA4,0,v,2
云,VE2,57,v,57
五台山,Nca,6,ns,6
五弦琴,Nab,0,n,3
五胡十六國,Naea,0,n,5
些兒,"Dfb, Nfd","0, 0","d, v","2, 2"
些少,A,0,n,2
亞東工業專科學校,Nca,0,ns,8
亞東關係協會,Nca,0,ns,6
亞歷山大帝國,Nca,0,ns,6
亞洲人,Nab,19,n,19
亞洲杯,A,0,n,3
亞犬,Nab,0,n,2
亞理斯多德,Nba,0,nr,5
亞當史密斯,Nba,0,nr,5
亞馬遜盆地,Nca,0,ns,5
交通大學,Nca,0,ns,4
交通處,Ncb,6,n,6
享受到,VJ1,47,v,47
京師人,Nab,0,n,3
京話,Nac,0,n,2
亭台,Nab,4,n,4
亭台樓閣,Naeb,3,n,4
人不可貌相,VH11,1,i,5
人不知鬼不覺,VH11,0,i,6
人中,Nab,0,n,2
人事行政局,Nca,0,ns,5
人人得而誅之,VH11,0,i,6
人像,Nab,17,n,17
人參,Nab,6,n,6
人君,Nab,1,n,2
人和,Nad,41,n,41
人工工資率差異,Nad,0,n,7
人工效率差異,Nad,0,n,6
人為刀俎我為魚肉,VH11,0,i,8
人為萬物之靈,VH11,0,i,6
人無千日好,VH11,0,i,5
人無遠慮必有近憂,VH11,0,i,8
人生七十才開始,VH11,0,i,7
人生如朝露,VH11,0,i,5
人稱代名詞,Nac,0,n,5
人算不如天算,VH11,0,i,6
人身保護法,Nac,0,n,5
人面桃花相映紅,VH11,0,i,7
仁宗,Nba,4,nr,4
仁愛為接物之本,VH11,0,i,7
仂,b,0,zg,1
仆,b,0,zg,1
介紹人,Nab,8,n,8
介紹出來,VB11,2,v,4
介繫詞,Nac,0,n,3
他們倆,Nhaa,19,r,19
他力,Nad,2,n,2
他動詞,Nac,0,n,3
他律性,Nad,0,n,3
他方,Nhaa,0,r,2
他物,Nab,1,n,2
他處,Ncb,14,n,14
他鄉,Nce,23,n,23
他項,Nfa,0,q,2
代表會,Nac,51,n,51
令姊,Nhac,0,n,2
令孫,Nhac,0,n,2
令正,Nhac,0,n,2
以備不時之需,VH11,0,i,6
以故,Cbca,0,c,2
以資,Dh,16,n,16
以降,Ng,17,f,17
仰事俯畜,VA4,0,v,4
仳離,VH11,3,i,3
价,b,0,zg,1
任便,VK2,1,v,2
份內,A,8,n,8
仿佛,"Dbaa, VG2","10, 5","d, v","10, 5"
仿傚,VC2,3,v,3
企業管理,Nad,0,n,4
企業管理系,Nad,0,n,5
伊底帕斯情結,Nad,0,n,6
伊比利半島,Nca,1,ns,5
伏下,VA11,0,v,2
伏屍,VA4,0,v,2
伏生,Nba,0,nr,2
伏襲,VC2,0,v,2
休戚,Nad,2,n,2
伕子,Nab,0,n,2
伙,Nfc,6,v,6
伙伴,Nab,50,n,50
伙計,Nab,14,n,14
伸出來,VB2,5,v,5
但書,Nab,7,n,7
但須,Dbab,4,v,4
佈,b,0,zg,1
佈哨,VA4,0,v,2
佈崗,VA4,0,v,2
佈達,VA4,0,v,2
佈達式,Nad,0,n,3
佌,VH11,0,i,1
位元,Nfg,83,q,83
低回,VH21,0,i,2
低地,Naa,5,n,5
低濕,VH11,1,i,2
低處,Ncdb,0,f,2
住下,VA12,3,v,3
住下來,VA12,6,v,6
佐籐,Nbc,0,nr,2
余,"Nbc, Nhaa","40, 24","nr, r","40, 24"
佛圖澄,Nba,0,nr,3
佛洛依德派,Nad,0,n,5
作多,"Nv4, VH11","0, 41","i, v","41, 2"
作姦犯科,VA4,2,v,4
你我,Naea,19,n,19
你等,Nhaa,0,r,2
佣,b,0,zg,1
佣人,Nab,23,n,23
併列,VH11,1,i,2
併排,VA12,1,v,2
併案,VA4,2,v,2
併科,VC31,3,v,3
佻巧,VH11,0,i,2
佻薄,VH11,0,i,2
佻達,VH11,0,i,2
佾生,Nab,1,n,2
佾舞,Nac,0,n,2
使出來,VB12,2,v,3
使出渾身解數,VA4,0,v,6
使用法,Nad,0,n,3
來去,VA11,25,v,25
來歸,VA11,6,v,6
來由,Nac,3,n,3
來者不善善者不來,VH11,0,i,8
來自於,VI3,52,v,52
來著,Tb,3,v,3
來處,Nad,5,n,5
侘,b,0,zg,1
依允,VE12,0,v,2
侯爺,Nab,0,n,2
侵占,VC31,13,v,13
侵占罪,Nac,2,n,3
便中,Ndc,0,t,2
便所,Ncb,1,n,2
便有,VJ3,21,v,21
便橋,Nab,0,n,2
便秘,VH11,16,i,16
便菜,Naa,2,n,2
係為,VG2,7,v,7
俄人,Nab,0,n,2
俄國共產黨,Nba,0,nr,5
俄羅斯共和國,Nca,0,ns,6
俄羅斯平原,Nca,0,ns,5
俄而,Dd,3,d,3
俊偉,VH11,0,i,2
俗艷,VH11,1,i,2
俛,b,0,zg,1
保母,Nab,78,n,78
保証,"Nac, VE2","4, 22","n, v","4, 22"
保証人,Nab,0,n,3
保証金,Naeb,0,n,3
保證人,Nab,5,n,5
保護人,Nab,2,n,3
保鑣,Nab,6,n,6
信從,Nab,0,n,2
信用合作社,Ncb,0,n,5
信義為立業之本,VH11,0,i,7
信號台,Ncb,0,n,3
修己,VA4,0,v,2
修橋舖路,VA4,1,v,4
俾使,VL4,9,v,9
倉廒,Nab,1,n,2
倉頡輸入法,Nba,0,nr,5
個把,Neqa,7,m,7
倒出來,VB2,2,v,3
倒去,VC31,0,v,2
倒反,VH11,0,i,2
倒是,Dbb,237,d,237
倒會,VB11,0,v,2
倒霉,VH11,11,i,11
借助,VC2,33,v,33
借口,Nac,2,n,2
借箸代籌,VA4,0,v,4
借鑒,Nac,0,n,2
倣古,VH11,0,i,2
倣效,VC2,4,v,4
倣真,VH11,0,i,2
倦游,VH21,0,i,2
假托,VJ1,0,v,2
偎乾就濕,VA4,0,v,4
做上,VC2,2,v,2
做下來,VA4,1,v,3
做假,VA4,5,v,5
做出來,VB2,34,v,34
做完,VC31,71,v,71
做得到,VB12,0,v,3
做聲,VA4,0,v,2
做錯,VC31,60,v,60
偷听,VC2,0,v,2
偷得浮生半日閒,VH11,1,i,7
偷著,Dh,2,n,2
傅園,Nca,0,ns,2
傖父,Nab,0,n,2
傢具,Nab,3,n,3
傭金,Naeb,3,n,3
傳布,VH14,3,v,3
傳播給,VD1,0,v,3
傳衣缽,VA4,0,v,3
債台高築,VH11,2,i,4
傷害到,VC2,24,v,24
傾听,VC2,0,v,2
僅有,VJ3,148,v,148
僊,b,0,zg,1
像似,"Dbaa, P48, VG2","1, 0, 2","d, v","4, 2"
像差,Nad,0,n,2
像話,VH11,2,i,2
僑務委員會,Nca,0,ns,5
僭號,Nad,0,n,2
僭越,VC2,0,v,2
僵尸,Nab,0,n,2
僵屍,Nab,1,n,2
僾,b,0,zg,1
儘,Dab,51,d,51
儘力,Dh,3,n,3
儘是,"V_11, V_12","0, 0",v,4
優哉游哉,VH11,0,i,4
儷人,Nab,0,n,2
儷影,Nab,5,n,5
儷辭,Nac,0,n,2
元任,Nba,0,nr,2
元兇,Nab,3,n,3
元嘉,Ndaac,0,nz,2
元培醫事技術學校,Nca,0,ns,8
元培醫專,Nca,0,ns,4
元帝,Nba,0,nr,2
元朔,Ndaac,0,nz,2
充饑,VA4,5,v,5
兇,"VC2, VH11","0, 58","i, v","58, 1"
兇嫌,Nab,2,n,2
兇宅,Ncb,0,n,2
兇悍,"Nv4, VH11","0, 5","i, v","5, 2"
兇惡,VH11,9,i,9
兇手,Nab,9,n,9
兇案,Nac,1,n,2
兇殘,VH11,1,i,2
兇殺,A,0,n,2
兇猛,VH11,11,i,11
先小人後君子,VH11,0,i,6
先達,Nab,0,n,2
光宗,b,0,zg,2
光武,Nba,2,nr,2
光燦,VH11,0,i,2
克制,VC2,27,v,27
克勤,VH11,0,i,2
克強,VH11,0,i,2
克里米亞戰爭,Nba,0,nr,6
兒孫自有兒孫福,VH11,0,i,7
兒童圖書館,Ncb,0,n,5
兒童心理學,Nad,0,n,5
兔唇,Nad,0,n,2
党,"Nac, Nbc","0, 0","n, nr","1, 1"
入學校,VA13,0,v,3
內姪,Nab,1,n,2
內政府,Ncb,0,n,3
內變,Nac,0,n,2
內轉,VH12,0,v,2
全乾,VH11,0,i,2
兩可,VH11,0,i,2
兩虎相鬥必有一傷,VH11,0,i,8
公侯伯子男,Naea,0,n,5
公保,Nad,31,n,31
公共汽車站,Ncb,1,n,5
公務員懲戒委員,Nab,0,n,7
公厘,Nfg,4,q,4
公布,Nv1,192,v,192
公布欄,Nab,5,n,5
公設辯護人,Nab,0,n,5
公車管理處,Ncb,0,n,5
六和,Naea,0,n,2
六欲,Naea,0,n,2
其他應計負債,Nad,0,n,6
其勢兇兇,VH11,0,i,4
典試委員會,Ncb,0,n,5
兼容並包,VH11,2,i,4
兼容並蓄,VH11,7,i,7
兼收並蓄,VB11,0,v,4
兼旬,Nad,0,n,2
兼籌並顧,VH11,0,i,4
再會,VH11,10,i,10
冗贅,VH11,0,i,2
冤有頭債有主,VH11,0,i,6
冤讎,Nad,0,n,2
冬季世界運動會,Nac,0,n,7
冰罅,Nac,0,n,2
冷泉,Naa,4,n,4
冷面,A,2,n,2
冽泉,Naa,0,n,2
准,"Dbab, VE12","0, 55",v,56
凌人,VH11,3,i,3
凌波,VH11,1,i,2
几,b,0,zg,1
凹版印刷,Nad,0,n,4
出入証,Nab,0,n,3
出口區,Ncb,11,n,11
出境証,Nab,0,n,3
出招,VA4,10,v,10
出版所,Ncb,0,n,3
刀鎗,Naeb,0,n,2
分別出,VE2,0,v,3
分割為,VG1,2,v,3
分布,Nv4,163,v,163
分析出來,VB12,2,v,4
分爨,VA4,0,v,2
分裂為,VG2,2,v,3
分解為,VG1,1,v,3
切麵,Naa,0,n,2
刊布,VC2,0,v,2
划,VC2,29,v,29
列氏寒暑表,Nab,0,n,5
別致,VH11,16,i,16
利他,VH11,11,i,11
刮去,VC31,0,v,2
刮起,VH14,0,v,2
刮風,VA3,4,n,4
到家,Dfb,4,d,4
到時,Dd,44,d,44
到臨,VA11,4,v,4
制定出來,VB2,1,v,4
制酸性,Nad,0,n,3
刻上,VC31,5,v,5
剋薄,VH11,0,i,2
前台,Nce,1,n,2
前腿,Nab,2,n,2
前言不對後語,VH11,1,i,6
剛毅木訥,VH11,0,i,4
剛纔,Dd,0,d,2
剩下來,VJ3,12,v,12
剪去,VC31,5,v,5
副主席,Nab,47,n,47
副座,Nab,0,n,2
副機,Nab,1,n,2
副理,Nab,40,n,40
副相,Nab,0,n,2
副總統,Nab,29,n,29
副院長,Nab,73,n,73
創造出,VC31,81,v,81
創造成,VG1,0,v,3
劃分為,VG1,19,v,19
劉向,Nba,1,nr,2
劍道,Nad,6,n,6
劍魚,Nab,0,n,2
力拔山兮氣蓋世,VH11,0,i,7
功勛,Nad,1,n,2
加勒比海群島,Nca,0,ns,6
加尼福尼亞,Nca,0,ns,5
加工出口區,Nab,0,n,5
加彭,Nca,1,ns,2
加農砲,Nab,0,n,3
助人為快樂之本,VH11,0,i,7
勇將,Nab,1,n,2
勍,b,0,zg,1
勒贖,VC31,11,v,11
動蕩,VH11,3,i,3
動蕩不安,VH11,0,i,4
勛勉,VC2,0,v,2
勛章,Nab,3,n,3
勝跡,Nac,0,n,2
勞動基準法,Nad,0,n,5
勞工保險局,Nca,0,ns,5
勢將,Dbaa,24,d,24
勤儉為服務之本,VH11,0,i,7
勤勉不倦,VH11,0,i,4
勤有功嬉無益,VH11,0,i,6
勦,b,0,zg,1
勷,b,0,zg,1
包准,VE2,0,v,2
匈牙利大平原,Nca,0,ns,6
匐匍,Dh,0,n,2
化妝台,Nab,1,n,3
化學公司,Ncb,0,n,4
北京人,Nab,10,n,10
北回歸線,Nca,1,ns,4
北宜,Nca,11,ns,11
北愛爾蘭省,Nca,0,ns,5
北援,VC2,0,v,2
北方人,Nab,7,n,7
北赤道洋流,Naa,0,n,5
匟,b,0,zg,1
匡復,VC31,0,v,2
匪人,Nab,0,n,2
匯報,Nab,2,n,2
匯集,"Nv1, VC33","0, 52",v,54
匿蹟,"Ncb, VH11","0, 0","i, n","2, 2"
十八層地獄,Ncb,0,n,5
十六分音符,Nab,0,n,5
十分寮,Nca,0,ns,3
十字軍東征,Nba,0,nr,5
千錘百鍊,VH11,4,i,4
升天,VA13,1,v,2
午砲,Nab,0,n,2
半政府,A,1,n,3
半波整流器,Nab,0,n,5
半睡眠狀態,Nad,0,n,5
卑濕,VH11,0,i,2
南台,Nca,0,ns,2
南台工專,Nca,0,ns,4
南回歸線,Nac,0,n,4
南庄,Nca,4,ns,4
南榮,Nba,0,nr,2
南無阿彌陀佛,VH11,0,i,6
博達,VH11,0,i,2
卜卜,Dh,0,n,2
占,"VC31, VJ3","3, 237",v,240
占上風,VI2,1,v,3
占取,VC31,0,v,2
占地,VJ3,12,v,12
占據,VC31,17,v,17
占有,"Nv4, VJ3","0, 47",v,49
占用,VC31,12,v,12
占起,VC2,0,v,2
占領,VC31,14,v,14
卡啦,Dh,0,n,2
卡薩布蘭加,Nca,2,ns,5
印刷人,Nab,0,n,3
印地安納大學,Nca,0,ns,6
印地安納州,Nca,0,ns,5
印度大平原,Nca,0,ns,5
印証,VK2,3,v,3
卲,b,0,zg,1
卷尺,Nab,0,n,2
卷雲,Nab,0,n,2
卷髮,Naa,3,n,3
厂,b,0,zg,1
厘,Nfg,1,q,1
厘米,Nfg,12,q,12
原子能委員會,Nca,0,ns,6
原子說,Nad,0,n,3
厲階,Nad,0,n,2
去不得,VH11,1,i,3
去你的,I,1,e,3
去官,VA4,1,v,2
去就,Nad,0,n,2
去年度,Ndda,0,t,3
去殼,VB11,1,v,2
去污力,Nad,0,n,3
去火,VH11,0,i,2
去病,VH11,0,i,2
去聲,Nad,2,n,2
參將,Nab,0,n,2
及物,VH11,24,i,24
反唇相譏,VA4,2,v,4
反導向飛彈,Nab,0,n,5
反復,Dd,3,d,3
反映出,VK2,59,v,59
反時鐘方向,Nac,0,n,5
反複,Dd,4,d,4
反証,Nac,0,n,2
反革命份子,Nab,0,n,5
叔姪,Naeb,0,n,2
取出來,VB2,5,v,5
取舍,Nad,1,n,2
受欺侮,VH11,0,i,3
受雇,VI3,12,v,12
叢聚,VH14,0,v,2
叢脞,VH11,0,i,2
口到,Nad,0,n,2
古柯鹼,Naa,3,n,3
古跡,Nac,29,n,29
另日,Dd,0,d,2
只消,Cbaa,5,c,5
叫出來,VB2,3,v,3
叫號,"VA4, VE2","0, 2",v,4
叫起,VB11,0,v,2
叫起來,"Dbc, VB11","3, 4",v,7
叮當,Dh,0,n,2
可人,VH11,7,i,7
可就,Dbb,41,d,41
可歎,VE2,3,v,3
台,"!Ncb, Nca, Nfa","0, 720, 264","n, ns, q","1, 720, 264"
台上,Ncc,0,n,2
台下,Ncc,1,n,2
台中,Nca,320,ns,320
台中市,Nca,186,ns,186
台中盆地,Nca,0,ns,4
台中縣,Nca,56,ns,56
台北,Nca,2102,ns,2102
台北市,Nca,722,ns,722
台北縣,Nca,124,ns,124
台南,Nca,152,ns,152
台南市,Nca,37,ns,37
台南縣,Nca,41,ns,41
台商,Nab,139,n,139
台地,Nab,16,n,16
台基,Nab,2,n,2
台大,Nca,588,ns,588
台大醫院,Nca,0,ns,4
台子,Nab,4,n,4
台幣,Naeb,197,n,197
台式,A,1,n,2
台拉維夫,Nca,0,ns,4
台東,Nca,89,ns,89
台灣,Nca,6415,ns,6415
台灣人,Nab,216,n,216
台灣區,Ncb,28,n,28
台灣大學,Nca,0,ns,4
台灣海峽,Nab,0,n,4
台灣玉,Nab,0,n,3
台灣省,Nca,122,ns,122
台灣銀行,Nca,0,ns,4
台灣鋁業公司,Nca,0,ns,6
台灣電力公司,Nca,0,ns,6
台燈,Nab,0,n,2
台獨,Nad,72,n,72
台甫,Nhac,0,n,2
台省,Nca,8,ns,8
台端,Nhac,0,n,2
台糖公司,Nca,0,ns,4
台西,Nca,8,ns,8
台視,Nca,83,ns,83
台詞,Nac,19,n,19
台金,Nca,0,ns,2
台銀,Nca,19,ns,19
台銜,Nad,0,n,2
台鋁,Nca,0,ns,2
台鑒,VA4,0,v,2
台階,Nab,20,n,20
台電,Nca,147,ns,147
台風,Nad,0,n,2
台駕,Nab,0,n,2
史丹佛大學,Nca,0,ns,5
史跡,Nad,3,n,3
司令台,Nab,0,n,3
吁,I,0,e,1
吃上,VJ1,7,v,7
吃下,VC31,20,v,20
吃下去,VB2,18,v,18
吃不了,VJ1,5,v,5
吃去,VC31,0,v,2
吃完,VC31,117,v,117
吃茶,VA4,0,v,2
吃草,VA4,9,v,9
吃起來,Dbc,18,v,18
吃錢,VA4,0,v,2
各說各的,VA4,1,v,4
合伙,VA4,2,v,2
合作學,Nad,0,n,3
合作所,Ncb,0,n,3
合家,Nhab,2,n,2
合時,VH11,0,i,2
合起來,VB12,7,v,7
吉林,Nca,6,ns,6
吉羊,VH11,0,i,2
同素異性體,Nab,0,n,5
后,b,0,zg,1
后座,Nad,8,n,8
向地,VH11,0,i,2
向學,VH11,17,i,17
向日,Ndda,0,t,2
吞咽,VC31,0,v,2
吧女,Nab,0,n,2
听,b,0,zg,1
听取,VC31,0,v,2
听憑,VK2,0,v,2
听眾,Nab,0,n,2
听筒,Nab,0,n,2
听覺,Nad,0,n,2
听診,VA4,0,v,2
听話,VH11,0,i,2
听說,VE2,0,v,2
听講,VA4,0,v,2
吰,b,0,zg,1
吳王,Nba,8,nr,8
吳郡,Nca,1,ns,2
吳鳳,Nba,37,nr,37
吸引人,VH11,28,i,28
吸煙,VA4,22,v,22
吸煙客,Nab,0,n,3
吸煙者,Nab,0,n,3
吹去,VB2,2,v,2
吹向,VC2,4,v,4
吹皺一池春水,VA4,0,v,6
吹走,VC2,9,v,9
吾等,Nhaa,0,r,2
呂后,Nba,0,nr,2
呆想,VE2,1,v,2
呈上,VC31,1,v,2
呈給,VD1,5,v,5
周人,Nab,0,n,2
周公,Nba,30,nr,30
周刊,Nab,21,n,21
周匝,Ncb,0,n,2
周告,VE12,0,v,2
周年,Nfg,39,q,39
周期性,Nad,2,n,3
周歲,Nfg,3,q,3
周濟,VC2,0,v,2
周率,Nad,0,n,2
周章,Nad,3,n,3
周轉,"Nv1, VD2","0, 8",v,10
周轉不靈,VH11,0,i,4
呷呷,Dh,0,n,2
呼吁,Dh,0,n,2
呼蘭河流域,Nab,0,n,5
命中注定,VK2,1,v,4
呿,b,0,zg,1
和協,VH11,1,i,2
和合,VH11,4,i,4
和好,VH11,13,i,13
和局,Nad,0,n,2
和帝,Nba,1,nr,2
和平為處世之本,VH11,0,i,7
和弄,VC2,0,v,2
和數,Nac,0,n,2
和氏壁,Nba,0,nr,3
和氣,"Nv4, VH11","0, 33","i, v","33, 2"
和穆,VH21,0,i,2
和衣,Dh,2,n,2
和衷,b,0,zg,2
和風,Naa,8,n,8
和鳴,VA4,0,v,2
和麵,VA4,0,v,2
咖哩飯,Nab,0,n,3
咚咚聲,Nad,0,n,3
咢,b,0,zg,1
咨,b,0,zg,1
咨詢,VE11,1,v,2
咨議,VE2,0,v,2
咬下,VC31,0,v,2
咭咯,Dh,0,n,4
咯咯叫,VA4,0,v,3
咯咯笑,VA4,1,v,3
咯咯聲,Nad,0,n,3
咳聲歎氣,VA4,0,v,4
咸,Dab,16,d,16
咸信,VK1,6,v,6
咽住,VH11,0,i,2
咽哽,VH11,0,i,2
哀戚,VH21,0,i,2
哀的美敦書,Nab,0,n,5
哀莫大於心死,VH11,1,i,6
品嘗,VC31,16,v,16
哄動,VH11,0,i,2
哄堂大笑,VA4,6,v,6
哄抬物價,VA4,0,v,4
哄笑,Nad,0,n,2
哈維,Nba,1,nr,2
哦呵,I,0,e,2
哦喲,I,0,e,2
哭出來,VA4,5,v,5
唇,Nab,43,n,43
唇亡齒寒,VH11,2,i,4
唇槍舌劍,VA4,4,v,4
唇瓣,Nab,0,n,2
唇疤疹,Nad,0,n,3
唇膏,Nab,19,n,19
唇舌,Nad,5,n,5
唇角,Ncc,1,n,2
唇部,Ncc,6,n,6
唇音,Nac,0,n,2
唇齒,Naea,4,n,4
唇齒之邦,Nac,0,n,4
唈,b,0,zg,1
唉聲歎氣,VA4,1,v,4
唐兵,Nab,2,n,2
唐努烏梁海,Nca,0,ns,5
唐宋八大家,Naea,0,n,5
唐山,Nca,14,ns,14
唐朝人,Nab,2,n,3
唐虞,Naea,0,n,2
唐詩三百首,Naea,0,n,5
唗,I,0,e,1
唯恐天下不亂,VH11,0,i,6
唯物辨証法,Nad,0,n,5
唼眼,Nab,0,n,2
唾沬,Naa,0,n,2
商務辦事處,Ncb,0,n,5
商場如戰場,VH11,0,i,5
商工職業學校,Ncb,0,n,6
商業專科學校,Ncb,0,n,6
商業職業學校,Ncb,0,n,6
商船海事職業學校,Ncb,0,n,8
啊唷,I,1,e,2
問倒,VC2,3,v,3
問題兒童,Nab,0,n,4
問題少年,Nab,0,n,4
啞巴吃黃蓮,VA4,0,v,5
啣接,VB11,0,v,2
啪噠聲,Nad,0,n,3
啪達,Dh,0,n,2
啷鐺,Dh,0,n,2
啾叫,VA4,0,v,2
啾唧,VA4,0,v,2
啾啾,Dh,4,n,4
啾嗽,VA4,0,v,2
喀拉蚩,Nca,0,ns,3
善才,Nab,0,n,2
喊好,VA4,0,v,2
喔唷,I,1,e,2
喔喔,Dh,2,n,2
喔嚄,I,0,e,2
喜怒不形於色,VH11,0,i,6
喝西北風兒,VH11,0,i,5
喝釆,VB11,0,v,2
喧嘩,"Nv4, VA4","0, 18",v,20
喫,VC31,16,v,16
喫官司,VH11,0,i,3
喫肉,VA4,0,v,2
喫苦,VH11,0,i,2
喫茶,VA4,8,v,8
喫飯,VA4,0,v,2
喫飯防噎,VA4,0,v,4
喫香,VH11,0,i,2
喫驚,VH21,0,i,2
喬妝,VC2,0,v,2
喬治華盛頓,Nba,0,nr,5
嗑牙,VA4,0,v,2
嗚啦,Dh,0,n,2
嗚嗚的,A,0,n,3
嗟歎,VE2,4,v,4
嘆服,VJ2,8,v,8
嘆為觀止,VH21,13,i,13
嘉尚,VC2,0,v,2
嘉惠,VC2,20,v,20
嘉祐,VJ1,0,v,2
嘉納,Nca,0,ns,2
嘉義師範學院,Nca,0,ns,6
嘉言,Nac,0,n,2
嘉評,Nac,0,n,2
嘗出,VE2,0,v,2
嘗到,VC2,16,v,16
嘩,Dh,5,n,5
嘩喇,Dh,0,n,2
嘩喇喇,Dh,0,n,3
嘩嘩的,Dh,0,n,3
嘩然,"Nv4, VH11","0, 3","i, v","3, 2"
嘲哳,VH11,0,i,2
嘴唇,Nab,42,n,42
嘹喨,VH11,1,i,2
噓唏,VA4,0,v,2
噚,Nfg,0,q,1
噪嚷,VE2,0,v,2
噪聒,VH11,0,i,2
噴洒,VC33,5,v,5
嚁,b,0,zg,1
嚄,I,0,e,1
嚌嚌嘈嘈,Dh,0,n,4
嚎咷,Dh,0,n,2
嚐,VC31,41,v,41
嚥,VC31,13,v,13
嚴嵩,Nba,0,nr,2
嚴律,Nad,0,n,2
嚴慶齡,Nba,0,nr,3
嚵,b,0,zg,1
嚶嚶,Dh,1,n,2
囅,b,0,zg,1
囉哩囉唆,VA4,0,v,4
囉嘍,Nab,0,n,2
囌,b,0,zg,1
四向,Naea,0,n,2
四海工業專科學校,Nca,0,ns,8
回復,VJ1,35,v,35
回心,b,0,zg,2
回應,VC2,187,v,187
回文,Nac,0,n,2
回歸,VC1,121,v,121
回歸熱,Nad,0,n,3
回歸線,Nac,0,n,3
回答出來,VB11,1,v,4
回護,VC2,0,v,2
回轉,VA11,4,v,4
回音,Nad,15,n,15
回響,"Nac, VH14","29, 2","n, v","29, 2"
因革,Nad,0,n,2
囡仔,Nab,2,n,2
囡囡,Nab,1,n,2
困乏,VH11,2,i,2
困倦,VH11,1,i,2
圂,b,0,zg,1
圄,b,0,zg,1
國內生產淨額,Nad,0,n,6
國務秘書,Nab,0,n,4
國大代表部,Ncb,0,n,5
國家公園,Ncb,0,n,4
國家安全會議,Nac,0,n,6
國家性,Nad,1,n,3
國家歌劇院,Ncb,0,n,5
國家科學委員會,Ncb,0,n,7
國建學術聯誼會,Nca,0,ns,7
國情咨文,Nac,2,n,4
國有財產局,Nca,0,ns,5
國民大會代表,Nab,0,n,6
國民平均所得,Naeb,0,n,6
國民生產毛額,Nad,0,n,6
國民生產淨額,Nad,0,n,6
國民身分証,Nab,0,n,5
國民身分證,Nab,0,n,5
國泰綜合醫院,Nca,0,ns,6
國父紀念館,Nca,0,ns,5
國讎,Nad,0,n,2
國軍退除役官兵,Nab,0,n,7
國都,Ncb,9,n,9
國防管理學院,Nca,0,ns,6
國防醫學院,Nca,0,ns,5
國際換日線,Nba,0,nr,5
國際文教組織,Nca,0,ns,6
國際特赦組織,Nca,0,ns,6
國際開發總會,Nca,0,ns,6
國際關係,Nad,0,n,4
圜鑿方枘,VH11,0,i,4
土地增值稅,Naeb,0,n,5
土地所有權,Nad,0,n,5
土地資源,Nac,0,n,4
土木工程師,Nab,0,n,5
土耳其帝國,Nca,0,ns,5
土魯蕃窪地,Nca,0,ns,5
在一起,VH11,587,i,587
在下,Nhac,16,n,16
在先,VH11,12,i,12
在即,VH11,23,i,23
在在,Dab,44,d,44
在堂,VA12,0,v,2
在學,VH11,20,i,20
在家人,Nab,0,n,3
在望,VH11,17,i,17
在朝,VA13,3,v,3
在行,VI2,6,v,6
在逃,VA11,18,v,18
圮毀,VH11,0,i,2
地下工作,Nad,0,n,4
地志,Nab,0,n,2
均沾,VH11,0,i,2
均霑,VH11,1,i,2
坌集,VA12,0,v,2
坏,b,0,zg,1
坐下來,VA11,73,v,73
坐下去,VA12,2,v,3
坐標,Nac,2,n,2
坐起來,VA12,12,v,12
坳塘,Ncb,0,n,2
型別,Nad,0,n,2
垮台,"Nv4, VH11","0, 9","i, v","9, 2"
埃及人,Nab,10,n,10
域中,Ncc,0,n,2
埤頭,Nca,2,ns,2
埳,b,0,zg,1
埴土,Naa,0,n,2
執一,VH11,0,i,2
執紼,VA4,0,v,2
執行起來,Dbc,3,v,4
埸景,Nac,0,n,2
培養出,VC31,41,v,41
培養所,Ncb,1,n,3
基本教育,Nad,0,n,4
基督教會,Ncb,5,n,5
基隆港務局,Nca,0,ns,5
埻,b,0,zg,1
堂姪,Nab,0,n,2
堄,b,0,zg,1
堙滅,VC2,0,v,2
報告出來,VB12,1,v,4
堿,b,0,zg,1
塗上,VC31,23,v,23
塞翁失馬焉知非福,VH11,0,i,8
塭,b,0,zg,1
塼,b,0,zg,1
塿,b,0,zg,1
墈,b,0,zg,1
墊上,VC33,2,v,2
墐,b,0,zg,1
墘,b,0,zg,1
墨爾缽,Nca,0,ns,3
墨竹,Nab,1,n,2
墨翟,Nba,3,nr,3
墨蹟,Nad,0,n,2
壇台,Nab,0,n,2
壓搾,VC2,0,v,2
壓搾機,Nab,0,n,3
壓籐,VA4,0,v,2
壔,b,0,zg,1
壢,b,0,zg,1
士別三日刮目相看,VH11,0,i,8
士可殺不可辱,VH11,0,i,6
壽儀,Nad,0,n,2
壽屏,Nab,1,n,2
夏威夷群島,Nca,1,ns,5
夏服,Nab,1,n,2
夏桀,Nba,0,nr,2
夏正,Ndabc,0,t,2
夔夔,VH11,0,i,2
外在,Nad,200,n,200
外蒙古,Nca,22,ns,22
夙夜匪懈,VH11,0,i,4
多事,VH11,7,i,7
多子多孫多福氣,VH11,0,i,7
多山,VH11,4,i,4
多年生植物,Nab,0,n,5
多核,A,0,n,2
多目標,A,7,n,7
多言,VA4,3,v,3
多階段,A,0,n,3
夜鶚,Nab,0,n,2
夢到,VE2,25,v,25
夢卜,Nac,0,n,2
夥友,Nab,0,n,2
夥眾,VA4,0,v,2
大一,Nad,76,n,76
大仁,Nad,4,n,4
大伙兒,Nhab,4,n,4
大傢伙兒,Nhab,0,n,4
大副,Nab,4,n,4
大勇,Nad,3,n,3
大台北,Nca,169,ns,169
大台北區,Nca,0,ns,4
大吃,VC31,14,v,14
大同工學院,Nca,0,ns,5
大婚,Nad,1,n,2
大安地列斯群島,Nca,0,ns,7
大寮,Nca,9,ns,9
大小姐,Nab,1,n,3
大展鴻圖,VH11,0,i,4
大循環,Nad,0,n,3
大我,Nhab,18,n,18
大批湧到,VC1,0,v,4
大搞,"VC2, VC31","10, 0",v,12
大易中文輸入法,Nba,0,nr,7
大智,Nad,0,n,2
大月,Ndabb,0,t,2
大有為,A,4,n,4
大東北,Nca,0,ns,3
大樑,Nad,2,n,2
大眾捷運系統,Nad,0,n,6
大砲,Nab,17,n,17
大秦,Nca,0,ns,2
大致上,Dk,41,l,41
大表驚嘆,VH11,0,i,4
大解,VA4,0,v,2
大過,Nac,7,n,7
大錯,Nac,8,n,8
大阿哥,Nab,0,n,3
大駕,Nhaa,1,r,2
天下本無事,VH11,0,i,5
天下沒有白吃的午餐,VH11,0,i,9
天不從人願,VH11,0,i,5
天不怕地不怕,VH21,0,i,6
天哪,I,14,e,14
天年,Nad,1,n,2
天文台,Ncb,19,n,19
天文望遠鏡,Nab,0,n,5
天機不可洩露,VA4,0,v,6
天殺的,I,1,e,3
天癸,Naa,0,n,2
天祥,Nca,11,ns,11
天譴,Nad,4,n,4
太乙,Nba,1,nr,2
太平洋文化基金會,Nca,0,ns,8
太早,"Dd, VH11","20, 0","d, i","20, 2"
太過,Dfa,108,d,108
夭夭,VH11,0,i,2
夭歿,VH11,0,i,2
央懇,VF2,0,v,2
失怙,VH11,4,i,4
夷人,Nab,1,n,2
夸,Nfg,0,q,1
夾注,Nac,0,n,2
奇秘,Nac,0,n,2
奉上,VC31,10,v,10
套上,VC33,19,v,19
奧克拉荷馬州,Nca,0,ns,6
奧地利帝國,Nca,0,ns,5
奧旨,Nac,0,n,2
奧林匹克世運,Nba,0,nr,6
奧秘,"Nac, VH11","15, 3","i, n","3, 15"
奧義,Nad,3,n,3
女中,"Nab, Ncb","0, 26",n,28
女佣,Nab,1,n,2
女大不中留,VH11,0,i,5
女子高級中學,Ncb,0,n,6
女秘書,Nab,0,n,3
奶娘,Nab,0,n,2
好不,Dfa,30,d,30
好傢夥,Nab,0,n,3
好半天,Dd,6,d,6
好命,VH11,3,i,3
好問,VH21,1,i,2
好在,Dbb,40,d,40
好報,Nad,5,n,5
好天氣,Nad,1,n,3
好字,Nac,3,n,3
好寫,VH11,3,i,3
好小子,Nab,5,n,5
好弄,VH11,0,i,2
好強,VH11,8,i,8
好心沒好報,VH11,0,i,5
好朋友,Nab,157,n,157
好棒,VH11,25,i,25
好死,VH11,0,i,2
好死不如賴活,VH11,4,i,6
好用,VH11,48,i,48
好詞,Nac,1,n,2
好說,VH11,24,i,24
好起來,VH11,6,i,6
好過,VH11,22,i,22
好鮮,VH11,0,i,2
好黑,VH11,1,i,2
妁,b,0,zg,1
如人飲水冷暖自知,VH11,0,i,8
如右,VH11,0,i,2
如坐針氈,VH11,2,i,4
如墜五里霧中,VH11,0,i,6
如夫人,Nba,0,nr,3
如左,VH11,3,i,3
如泥,VH11,2,i,2
如癡如醉,VH21,1,i,4
如舊,VH11,3,i,3
如醉如癡,VH11,0,i,4
妙舞,Nac,0,n,2
妙麗,VH11,1,i,2
妣考,Naea,0,n,2
妻孥,Naea,0,n,2
妾侍,Nab,0,n,2
妾婦,Nab,0,n,2
妾身,Nhac,4,n,4
姑嫜,Naeb,0,n,2
姝麗,VH11,0,i,2
姦污,VC2,0,v,2
姦邪,VH11,0,i,2
姪兒,Nab,18,n,18
姪女,Nab,3,n,3
姪女婿,Nab,0,n,3
姪婦,Nab,0,n,2
姪婿,Nab,0,n,2
姪媳婦,Nab,0,n,3
姪子,Nab,4,n,4
姪孫,Nab,0,n,2
姬妾,Nab,2,n,2
威斯康辛州,Nca,0,ns,5
娘兒,Nab,1,n,2
娘兒倆,Nhab,0,n,3
娘家,Ncb,41,n,41
娘胎,Nab,2,n,2
娘舅,Nab,0,n,2
娘親,Nab,0,n,2
娟娟,VH11,0,i,2
娶到,VC31,6,v,6
娶媳,VA4,0,v,2
娼寮,Ncb,1,n,2
婞,b,0,zg,1
婥,b,0,zg,1
婦女會,Ncb,6,n,6
媟,b,0,zg,1
媮,b,0,zg,1
嫕,b,0,zg,1
嫚罵,VC2,0,v,2
嫠婦,Nab,0,n,2
嫻習,VC2,0,v,2
嬋媛,Nab,0,n,2
嬌艷,VH11,3,i,3
孅,b,0,zg,1
子健,Nba,0,nr,2
子姪,Nab,0,n,2
子張,Nba,1,nr,2
子時,Ndabe,0,t,2
子母,A,2,n,2
子環,Nab,0,n,2
孓,b,0,zg,1
孔蟲,Nab,0,n,2
存歿,Nab,0,n,2
孛人,Nab,0,n,2
孝順為齊家之本,VH11,0,i,7
孟冬,Ndabb,0,t,2
孟夏,Ndabb,0,t,2
孟春,Ndabb,0,t,2
孟母,Nba,8,nr,8
孟獲,Nba,0,nr,2
孟秋,Ndabb,0,t,2
孤丁,Nab,0,n,2
孤孤淒淒,VH11,0,i,4
孤木,Nab,0,n,2
孫婿,Nab,0,n,2
孫媳,Nab,1,n,2
孫息,Nad,0,n,2
孫文,Nba,5,nr,5
孱夫,Nab,0,n,2
學問為濟世之本,VH11,0,i,7
學如逆水行舟,VH11,0,i,6
學如逆水行舟不進則退,VH11,0,i,10
學生代聯會,Ncb,0,n,5
學生時代,Nac,0,n,4
學習法,Nad,2,n,3
孺子不可教也,VH11,0,i,6
孺子可教也,VH11,0,i,5
守將,Nab,2,n,2
安全存量,Nad,0,n,4
安全理事會,Nca,0,ns,5
安全系統,Nac,0,n,4
安定下來,VH16,11,v,11
安帝,Nba,0,nr,2
安徒生童話,Nab,0,n,5
安格魯薩克遜,Nca,0,ns,6
安步,Dh,0,n,2
安舒,VH11,0,i,2
安靖,VH11,3,i,3
宋人,Nab,11,n,11
宋國,Nca,6,ns,6
宋朝人,Nab,0,n,3
宋瓷,Nab,3,n,3
完人,Nab,11,n,11
完全花,Nab,0,n,3
完成式,Nad,2,n,3
宗教家,Nab,5,n,5
宗聖,Nab,0,n,2
宗藩,Nab,0,n,2
官鑄,A,0,n,2
定下來,VB12,4,v,4
定使,VL4,0,v,2
定名為,VG1,10,v,10
定定的,Dh,1,n,3
定讞,VA4,0,v,2
宣勞,VC2,0,v,2
宣宗,Nba,1,nr,2
宣布,Nv1,213,v,213
宣泄,VC31,2,v,2
宥恕,Nad,0,n,2
宮禁,Nad,0,n,2
宮錦,Naea,0,n,2
宰夫,Nab,0,n,2
宰相肚裡能撐船,VH11,0,i,7
宰輔,Nab,0,n,2
宴饗,"Nv1, VC2","0, 3",v,5
家事商業職業學校,Ncb,0,n,8
家事職業學校,Ncb,0,n,6
家俱,Naeb,2,n,2
家具,Naeb,239,n,239
家專,Ncb,3,n,3
家庭工業,Nac,0,n,4
家政專科學校,Ncb,0,n,6
家私,Naeb,0,n,2
家缽,Nad,0,n,2
家職,Ncb,0,n,2
家齊,VH11,0,i,2
容恕,VJ2,0,v,2
容或,Dbaa,1,d,2
容膝,VH11,0,i,2
宿懷,Nad,0,n,2
宿歇,VA12,0,v,2
密布,VH14,9,v,9
寇讎,Naeb,1,n,2
富賈,Nab,3,n,3
寒山,Nca,6,ns,6
寒林,Naeb,0,n,2
寒泉,Naa,0,n,2
寒浞,Nba,6,nr,6
寒玉,Nab,0,n,2
寒雁,Nab,0,n,2
寡欲,VH11,1,i,2
實行起來,Dbc,1,v,4
實踐家政經濟專科學校,Nca,0,ns,10
實蹟,Nac,0,n,2
實驗高級中學,Ncb,0,n,6
寧和,VH11,0,i,2
寧息,VC31,0,v,2
審查會,Nac,6,n,6
寫下來,VB2,13,v,13
寫做,VC31,0,v,2
寫全,VC31,0,v,2
寫出來,VB12,36,v,36
寫回,VC31,1,v,2
寫字台,Nab,0,n,3
寫字臺,Nab,0,n,3
寫完,VC31,23,v,23
寮共,Nab,0,n,2
寮北,Nca,0,ns,2
寮國,Nca,6,ns,6
寮戰,Nad,0,n,2
寶元,Ndaac,0,nz,2
寶塚,Nab,0,n,2
寶慶,Nca,0,ns,2
寶璽,Nab,0,n,2
寸金難買寸光陰,VH11,0,i,7
封上,VC33,1,v,2
封君,Nab,1,n,2
封國,VH11,0,i,2
封樹,VA4,0,v,2
射電望遠鏡,Nab,0,n,5
將就,VH11,5,i,5
專業精神,Nad,0,n,4
專業組織,Nac,0,n,4
尋尺,Nab,0,n,2
尋幽,VA4,5,v,5
尋春,VA4,0,v,2
尋涼,VA4,0,v,2
尋芳,VA4,1,v,2
尋香,VA4,0,v,2
對上,VC2,4,v,4
對于,P32,5,i,5
對分,VC2,1,v,2
對半,VB11,0,v,2
對句,Nac,0,n,2
對家,Nad,1,n,2
對打,VA4,8,v,8
對折,VB11,2,v,2
對獎,"Nv4, VA4","0, 2",v,4
對筆,Naeb,2,n,2
對等,A,31,n,31
對胺苯甲酸,Naa,0,n,5
對號,VA4,3,v,3
對談,"Nv4, VA4","0, 34",v,36
對路,VH11,0,i,2
對軸,Nad,0,n,2
對邊,Nac,0,n,2
對門,Ncb,4,n,4
小人之交甘如醴,VH11,0,i,7
小伙子,Nab,23,n,23
小住,VA12,7,v,7
小僕,Nab,0,n,2
小僧,Nab,3,n,3
小兄,Nab,0,n,2
小兒痲痺症,Nad,0,n,5
小凌河,Nab,0,n,3
小功,Nac,2,n,2
小劫,Nac,0,n,2
小姪,Nab,0,n,2
小巫,Nab,1,n,2
小我,Nhab,12,n,12
小月,Ndabc,0,t,2
小滿,Ndabd,0,t,2
小王,Nba,5,nr,5
小資產階級,Nac,0,n,5
小過,Nac,2,n,2
少壯不努力,VH11,0,i,5
少小,Ndda,0,t,2
少東,Nab,5,n,5
尖岬,Nab,2,n,2
就地,Dg,32,l,32
就坐,VA4,8,v,8
就教,VE11,0,v,2
就是了,VH11,42,i,42
就木,VH11,0,i,2
就理,Nad,0,n,2
就逮,VH11,0,i,2
就養,VA12,2,v,2
尸,b,0,zg,1
尸首,Nab,0,n,2
尼加拉瀑布,Nca,4,ns,5
尼加拉瓜大瀑布,Nca,0,ns,7
局促,VH11,2,i,2
局限,VJ3,27,v,27
局限性,Nad,3,n,3
局限於,VJ3,15,v,15
屈強,VH11,0,i,2
屈折,VH11,0,i,2
屋梁,Nab,0,n,2
屋漏偏逢連夜雨,VH11,1,i,7
屋簷,Nab,35,n,35
屏東師範學院,Nca,0,ns,6
屐齒,Nac,0,n,2
展佈,VA12,0,v,2
展開來,VB2,0,v,3
屧,b,0,zg,1
山右,Ncc,0,n,2
山君,Nab,0,n,2
山岳,Nab,9,n,9
山左,Ncc,0,n,2
山鵲,Nab,0,n,2
山鷸,Nab,0,n,2
岩,b,0,zg,1
岩壁,Nab,5,n,5
岩岸,Nab,6,n,6
岩洞,Ncb,2,n,2
岩流圈,Ncb,0,n,3
岩薔薇,Nab,0,n,3
岳,Nbc,2,nr,2
岳廟,Ncb,0,n,2
岳陽,Nca,0,ns,2
峻岭,VH11,0,i,2
崇閎,VH11,0,i,2
崔瑗,Nba,0,nr,2
崔璦,Nba,0,nr,2
崩殂,VH11,0,i,2
崿,b,0,zg,1
巇,b,0,zg,1
巖石,Naa,0,n,2
巖礁,Nab,0,n,2
巘,b,0,zg,1
州名,Nac,0,n,2
州縣,Nac,0,n,2
州里,Nac,0,n,2
工人區,Ncb,0,n,3
工作下去,VR,0,l,4
工作地,Naa,2,n,3
工作天,Nac,6,n,6
工作會,Nac,10,n,10
工作起來,Dbc,0,v,4
工商專科學校,Ncb,0,n,6
工商管理專科學校,Ncb,0,n,8
工商職業學校,Ncb,0,n,6
工業國家,Nac,0,n,4
工業城,Nab,3,n,3
工業學校,Ncb,0,n,4
工業專科學校,Ncb,0,n,6
工業技術學院,Nca,0,ns,6
工業技術研究院,Nca,0,ns,7
工業政策,Nac,0,n,4
工業時代,Ndaaa,0,n,4
工業社會,Nac,0,n,4
工業職業學校,Ncb,0,n,6
工業設計,Nad,0,n,4
工欲善其事必先利其器,VH11,0,i,10
工程師學會,Ncb,0,n,5
巨債,Naeb,0,n,2
巨奸,Nab,0,n,2
巨子,Nab,1,n,2
巨富,Nab,3,n,3
巨款,Naeb,4,n,4
巨細靡遺,VH11,1,i,4
巨靈,Nab,3,n,3
巨額,Nad,21,n,21
巫仙,Nab,0,n,2
巫蠱,Nac,0,n,2
差之毫厘失之千里,VH11,0,i,8
差等,Nad,2,n,2
己飢己溺,VH11,0,i,4
巴哈馬群島,Nca,1,ns,5
巴拿馬地峽,Nca,0,ns,5
巴游,Nab,0,n,2
巴爾幹山脈,Nca,0,ns,5
巴顏喀喇山,Nca,0,ns,5
巴黎人,Nab,4,n,4
市立療養院,Ncb,0,n,5
布列茲涅夫,Nba,0,nr,5
布告,Nab,10,n,10
布局,"Nac, VA4","22, 3","n, v","22, 3"
布巾,Nab,3,n,3
布施,VC31,14,v,14
布景,Nab,10,n,10
布爾什維克黨,Nba,0,nr,6
布爾什維克黨主義,Nba,0,nr,8
布疋,Nab,0,n,2
布置,VC2,46,v,46
布陣,VA4,0,v,2
希世,b,0,zg,2
帑藏,Ncb,0,n,2
帘,b,0,zg,1
帘子,Nab,0,n,2
師姑,Nab,0,n,2
帳款,Nad,6,n,6
帳簷,Nab,0,n,2
帶出去,VB2,3,v,3
帽簷,Nab,0,n,2
幡幟,Nab,0,n,2
幢幡,Nab,0,n,2
幨,b,0,zg,1
幫兇,Nab,2,n,2
幫浦,Nab,2,n,2
幫閑,VA4,0,v,2
幬,b,0,zg,1
干,Nbc,1,nr,1
干貝,Nab,2,n,2
平台,Nab,135,n,135
平時不燒香,VH11,0,i,5
平林,Nab,0,n,2
平王,Nba,8,nr,8
年下,Dd,0,d,2
年事,Nad,7,n,7
年假,Ndabf,0,t,2
年分,Nad,0,n,2
年利,Naeb,0,n,2
年壽,Nad,0,n,2
年尾,Ndc,8,t,8
年市,Ncb,0,n,2
年成,Naea,0,n,2
年會,Nad,41,n,41
年次,Nad,9,n,9
年禮,Nab,0,n,2
年租,Naeb,2,n,2
年紙,Nab,0,n,2
年菜,Naa,6,n,6
年輕輕,VH11,2,i,3
年運,Nad,0,n,2
年齒,Nad,1,n,2
并,Cbcb,10,c,10
并吞,VC31,0,v,2
幸免,VI2,0,v,2
幸免於難,VH11,1,i,4
幼獅通訊社,Nca,0,ns,5
幽幽的,Dh,3,n,3
庄,b,0,zg,1
庄子,Ncb,0,n,2
庄戶,Ncb,0,n,2
庄稼,Naeb,3,n,3
庄稼人,Nab,0,n,3
庄稼院,Ncb,0,n,3
庇祐,VC2,0,v,2
庇蔭,"Nv1, VC2","0, 8",v,10
床舖,Nab,4,n,4
床蓐,Nab,0,n,2
庋藏,Naeb,1,n,2
店舖,Nab,13,n,13
府中,Ncc,1,n,2
府兵,Nad,0,n,2
府外,Ncc,2,n,2
度人,VA4,1,v,2
座像,Nab,0,n,2
庫銀,Naeb,1,n,2
庶幾無愧,VH21,0,i,4
康乃爾大學,Nca,0,ns,5
康乃狄克州,Nca,2,ns,5
康爵,Nab,0,n,2
庸人自擾之,VH21,0,i,5
廊下,Ncc,0,n,2
廊簷,Nab,0,n,2
廟台,Nab,0,n,2
廢時,VH11,1,i,2
廣播電台,Ncb,0,n,4
廣汎,VH11,0,i,2
廣衍,VH11,0,i,2
廩倉,Nab,0,n,2
廩膳,Naea,0,n,2
延企,VA12,0,v,2
延佇,VA12,0,v,2
延年,VH11,2,i,2
延續到,VC2,6,v,6
建台,VA4,0,v,2
建立成,VG1,0,v,3
建立起,VC31,46,v,46
建設公司,Ncb,0,n,4
建設成,VG1,4,v,4
建設所,Ncb,0,n,3
弁言,Nac,0,n,2
弄到,VC31,9,v,9
弄好,VC2,11,v,11
弄得,VK2,113,v,113
弄走,VC31,0,v,2
弒母,VA4,0,v,2
弓矢,Naeb,1,n,2
弔兒郎當,VH11,0,i,4
弔卷,VB11,0,v,2
弔帶,Nab,0,n,2
弔床,Nab,1,n,2
弔掛,VC33,0,v,2
弔架,Nab,0,n,2
弔桶,Nab,0,n,2
弔桿,Nab,0,n,2
弔橋,Nab,0,n,2
弔死,VA4,0,v,2
弔死鬼,"Nab, Nac","0, 0",n,6
弔燈,Nab,0,n,2
弔環,Nab,0,n,2
弔胃口,VH11,0,i,3
弔車,Nab,0,n,2
引荐,"Nv1, VC2","0, 0",v,4
引証,VC2,1,v,2
引詩為証,VA4,0,v,4
弘仁,VA4,0,v,2
弘大,VH16,1,v,2
弘毅,VH11,0,i,2
弘遠,VH11,0,i,2
弦柱,Nab,0,n,2
弦樂,Nad,19,n,19
弦樂器,Nab,4,n,4
弦樂隊,Nab,0,n,3
弦歌,Nab,5,n,5
弦音,Nac,4,n,4
弭亂,VA4,0,v,2
弭兵,VA4,0,v,2
弭平,VC2,2,v,2
弭忘,VJ2,0,v,2
弭患,VA4,0,v,2
弭謗,VA4,0,v,2
弱水三千只取一瓢,VH11,0,i,8
張三,Nba,28,nr,28
張力,Nad,46,n,46
張勳,Nba,0,nr,2
張基,Nba,4,nr,4
張掛,VC33,3,v,3
張滿,VC2,1,v,2
張燈結彩,VA4,2,v,4
張生,Nba,5,nr,5
張皇,VH21,2,i,2
張良,Nba,25,nr,25
強使,VF2,0,v,2
強占,VC31,2,v,2
彄,b,0,zg,1
彆,"VC2, VH21","0, 1","i, v","1, 1"
彈去,VC32,0,v,2
彈子抬,Nab,0,n,3
彈子檯,Nab,0,n,3
彌漫,VH14,12,v,12
彖辭,Nab,0,n,2
彩球,Nab,2,n,2
彩線,Nab,0,n,2
彩色電視機,Nab,0,n,5
彩衣,Nab,0,n,2
彫刻,VC31,2,v,2
彫刻刀,Nab,0,n,3
彫刻家,Nab,0,n,3
彫刻術,Nad,0,n,3
彫弓,Nab,0,n,2
彫殘,VH11,0,i,2
彰化教育學院,Nca,0,ns,6
影像轉換器,Nab,0,n,5
影響到,VJ1,170,v,170
彼等,Nhaa,3,r,3
往還,VC2,5,v,5
征,VC2,21,v,21
征兵,VA4,0,v,2
征收,"Nv1, VC31","0, 37",v,39
征求,VC2,0,v,2
徂暑,Ndabb,0,t,2
徂謝,VH11,0,i,2
徂逝,VH11,0,i,2
待到,"P18, VC1","3, 0",v,5
待在,VC1,27,v,27
很好,"Dh, VH11","0, 34","i, n","34, 2"
律師事務所,Ncb,0,n,5
後台,"Nac, Nce","5, 1",n,7
後娘,Nab,2,n,2
後梁,Ndaab,0,t,2
後涼,Ndaab,0,t,2
後腦杓,Nab,3,n,3
後臺老板,Nab,0,n,4
後計,Nad,0,n,2
後設,A,2,n,2
後起,A,6,n,6
後顧,Nad,0,n,2
後龍,Nca,19,ns,19
徐徐的,Dh,3,n,3
得不可開交,Dfb,0,d,5
得便,Dh,1,n,2
得很,Dfb,70,d,70
得慌,Dfb,1,d,2
得時,VH11,0,i,2
得理不饒人,VH11,0,i,5
得魚忘筌,VH11,0,i,4
從兄,Nab,2,n,2
從兄弟,Naeb,0,n,3
從公,VA4,0,v,2
從子,Nab,0,n,2
從旁,Dg,28,l,28
從母,Nab,0,n,2
從父,Nab,0,n,2
從略,VH11,1,i,2
御前,Ncc,2,n,2
御史台,Ncb,0,n,3
御所,Ncb,6,n,6
徨徨,VH21,0,i,2
復函,VB11,0,v,2
復合,"Nv4, VA4","0, 1",v,4
復命,VA4,0,v,2
復習,VC2,5,v,5
復興劇藝學校,Nca,0,ns,6
復興廣播電台,Nca,0,ns,6
復診,VA4,0,v,2
復讎,VA4,2,v,2
微微的,A,0,n,3
微眇,VH11,0,i,2
德光,Ndaac,0,nz,2
德國通訊社,Nca,0,ns,5
德意志帝國,Nca,0,ns,5
德意志聯邦,Nca,0,ns,5
德明商業專科學校,Nca,0,ns,8
德澤,Nad,0,n,2
德裕,Ndaac,0,nz,2
德貝,Nca,0,ns,2
徼幸,VH11,0,i,2
心到,VH11,0,i,2
心寬,VH21,1,i,2
心弦,Nad,12,n,12
心有餘力不足,VH21,0,i,6
心死,VH21,1,i,2
心目中,Ncc,123,n,123
心虛膽怯,VH21,0,i,4
心裡頭,Ncc,13,n,13
忒兒摟,VC31,0,v,3
志於,VL2,9,v,9
忘年,VH11,0,i,2
忙得不可開交,VH11,0,i,6
忙著,VL2,0,v,2
忙裡偷閑,VH11,0,i,4
忝然,VH11,0,i,2
忠勇為愛國之本,VH11,0,i,7
忨,b,0,zg,1
快事,Nac,1,n,2
快心,VH21,0,i,2
快手,Nab,2,n,2
忮求,VC2,0,v,2
念佛,VA4,13,v,13
念咒,VA4,0,v,2
念念有詞,VA4,4,v,4
念書,VA4,160,v,160
念經,VA4,8,v,8
忽的,Dd,1,d,2
怎不,Dj,13,d,13
怎的,Dj,4,d,4
怎能,Dbab,91,v,91
怎麼說,VH11,36,i,36
怒氣沖沖,VH21,6,i,6
怒氣衝天,VH21,0,i,4
怒沖沖,VH21,1,i,3
怖懼,VH21,0,i,2
怜,b,0,zg,1
怡人,VH11,5,i,5
急讓,VH11,0,i,2
性教育,Nad,92,n,92
性能力,Nad,6,n,6
怨歎,VK1,2,v,2
怪到,VJ2,2,v,2
怪想,Nac,0,n,2
怪笑,VA4,3,v,3
怯怯地,Dh,1,n,3
怯怯的,VH21,0,i,3
恚怒,VH21,0,i,2
恚恨,Nad,0,n,2
恚憤,VH21,0,i,2
恝,b,0,zg,1
恢恢,VH11,1,i,2
恤金,Naeb,0,n,2
恨不相逢未嫁時,VH21,0,i,7
恨人,VA4,0,v,2
恩相,Nab,0,n,2
恪遵,VJ1,5,v,5
恬澹,VH11,0,i,2
恭人,Nab,0,n,2
悃誠,VH11,0,i,2
悠悠蕩蕩,VH11,1,i,4
悲歎,VE2,1,v,2
悶著,VH22,4,v,4
悽厲,VH11,2,i,2
悽涼,VH11,4,i,4
情有可愿,VH11,0,i,4
情有所鍾,VI2,0,v,4
情欲,Nad,21,n,21
情素,Nad,0,n,2
惇謹,VH11,0,i,2
惋歎,VE2,0,v,2
惛懵,VH11,0,i,2
惟恐天下不亂,VH11,0,i,6
惠帝,Nba,3,nr,3
惠澤,Nad,0,n,2
惠鑒,VH11,0,i,2
惡心,Nad,2,n,2
想出來,VB12,17,v,17
想起來,Dbc,5,v,5
想通,VH21,16,i,16
惹得,VL4,11,v,11
愀然,Dh,0,n,2
愊,b,0,zg,1
意志消沈,VH11,0,i,4
意識到,VK1,57,v,57
愐,b,0,zg,1
愚忠,VH11,0,i,2
愛上,VJ2,58,v,58
愛斯基摩人,Nab,4,n,5
愛群,VH21,0,i,2
感受到,VK1,176,v,176
感歎,VE2,24,v,24
感歎詞,Nac,1,n,3
感覺出,VK1,6,v,6
感覺到,VK1,137,v,137
愧怍,VH21,0,i,2
愴悼,VJ2,0,v,2
愴然,VH11,4,i,4
愷悌,VH11,0,i,2
愾憤,VH21,0,i,2
愿,b,0,zg,1
愿謹,VH11,0,i,2
慈幼,A,1,n,2
慈湖,Nca,2,ns,2
慈禧皇太后,Nba,0,nr,5
慈航,Nad,3,n,3
慈鳥,Nab,0,n,2
慎終,VH11,0,i,2
慓悍,"Nv4, VH11","0, 2","i, v","2, 2"
慘澹,VH11,7,i,7
慢工出細活,VH11,0,i,5
慢著,VH11,1,i,2
慧光,Nab,0,n,2
慧劍斬情絲,VA4,0,v,5
慧性,Nad,1,n,2
慧眼識英雄,VA4,0,v,5
慧種,Nad,0,n,2
慧能,Nba,2,nr,2
慨歎,VE2,9,v,9
慼,b,0,zg,1
憑借,VC2,1,v,2
憑甚麼,Dj,0,d,3
憒亂,VH11,0,i,2
憚煩,VH11,0,i,2
憧憧,VH11,0,i,2
憨癡,VH11,0,i,2
憫傷,VJ2,0,v,2
憫恤,VJ2,0,v,2
憶念,VK1,1,v,2
懃,b,0,zg,1
應和,VC2,3,v,3
應時,VA2,2,v,2
應用到,VC2,17,v,17
懍厲,VH11,0,i,2
懍懍,VH21,1,i,2
懍然,VH11,0,i,2
懤,b,0,zg,1
懷寶,VA4,0,v,2
懷帝,Nba,0,nr,2
懷德,VH21,1,i,2
懷玉,VA4,0,v,2
戀戀不舍,VH21,0,i,4
戈壁大沙漠,Nca,0,ns,5
戎服,Nab,0,n,2
戎狄,Naeb,0,n,2
成功大學,Nca,0,ns,4
我人,Nhaa,4,r,4
我等,Nhaa,6,r,6
戒煙,"Nv4, VA4","0, 12",v,14
戔戔,VH11,1,i,2
戚容,Nad,0,n,2
戚舊,Naeb,0,n,2
戛戛,Dh,0,n,2
戟狀,Nad,0,n,2
戥子,Nab,0,n,2
戰爭與和平,Nba,0,nr,5
戰略轟炸機,Nab,0,n,5
戰術轟炸機,Nab,0,n,5
戰鬥轟炸機,Nab,0,n,5
戲劇實驗學校,Ncb,0,n,6
戲台,Nab,5,n,5
戴上,VC33,41,v,41
戴漪,Nba,0,nr,2
戴震,Nba,0,nr,2
戽斗,Nad,0,n,2
戽水,Nca,0,ns,2
戾氣,Nad,2,n,2
房柁,Nab,0,n,2
房簷,Nab,0,n,2
所好,Nad,5,n,5
扊,b,0,zg,1
手摺,Nab,0,n,2
手術台,Nab,1,n,3
手鎗,Nab,0,n,2
才具,Nad,8,n,8
才名,Nad,0,n,2
才媛,Nab,0,n,2
才望,Nad,0,n,2
才資,Nad,0,n,2
扎實,VH11,7,i,7
扎根,VA4,21,v,21
扑,b,0,zg,1
打下來,VB2,9,v,9
打下去,VB2,0,v,3
打出來,VB2,8,v,8
打從,P17,37,v,37
打拚,VA4,29,v,29
打擂台,VA4,0,v,3
打擊到,VC2,3,v,3
托,"VC2, VF2","47, 9",v,56
托兒所,Ncb,72,n,72
托夢,VB11,2,v,2
托故,Dh,0,n,2
托病,Dh,0,n,2
托福,Nba,16,nr,16
托管,VC2,2,v,2
托缽,VA4,5,v,5
托缽僧,Nab,4,n,4
托辭,Nad,0,n,2
扛扛抬抬,VA4,0,v,4
扣人心弦,VH11,6,i,6
扣子,Nab,3,n,3
扯上,VC2,7,v,7
扯到,VE2,4,v,4
扯去,VC2,0,v,2
扯篷,VA4,0,v,2
批回,VB11,1,v,2
找出來,VB12,14,v,14
找著,VC2,3,v,3
技術合作,"Nv4, VH11","0, 10","i, v","10, 4"
技術單位,Ncb,0,n,4
技術學院,Ncb,0,n,4
技術專科學校,Ncb,0,n,6
技術部門,Nac,0,n,4
把戲兒,Nac,0,n,3
把穩,VC2,1,v,2
抓起來,VB12,2,v,3
投票所,Ncb,3,n,3
折合,VG2,13,v,13
折疊為,VG1,0,v,3
抬,VC2,75,v,75
抬價,VA4,1,v,2
抬出,VC32,7,v,7
抬愛,VI1,1,i,2
抬槓,VA4,7,v,7
抬肩,Nad,0,n,2
抬臉,VA4,0,v,2
抬舉,VJ1,2,v,2
抬走,VC31,0,v,2
抬起,VC31,38,v,38
抬起來,VB2,5,v,5
抬起頭兒,VA4,0,v,4
抬轎,VA4,3,v,3
抬頭,"Nv4, VA4","139, 2",v,141
抬頭挺胸,VA4,13,v,13
抬高,VC31,9,v,9
抬高身價,VB11,0,v,4
抵牾,VI2,0,v,2
抹一鼻子灰,VH11,0,i,5
抹上,VC33,5,v,5
抹乾,VC2,0,v,2
抹去,VC31,7,v,7
抽煙,VA4,118,v,118
拆台,VB11,0,v,2
拈,VC31,0,v,2
拉上,VC32,11,v,11
拉下來,VB2,5,v,5
拉引,VC2,0,v,2
拉鏈,Nab,0,n,2
拊掌,VA4,0,v,2
拐去,VC31,0,v,2
拐子,Nab,1,n,2
拐杖,Nab,17,n,17
拒絕往來戶,Nab,0,n,5
拓樣,Nab,0,n,2
拔都,Nba,0,nr,2
招涼,VH11,0,i,2
招福,VA4,0,v,2
拜佔庭,Nca,0,ns,3
拜倒石榴裙,VH11,0,i,5
拜倒石榴裙之下,VH11,0,i,7
拜把,A,1,n,2
拿不到,VJ1,1,v,3
拿出來,VB2,65,v,65
拿去,VC32,66,v,66
拿好,VC2,0,v,2
拿破崙帝國,Nca,0,ns,5
拿起來,VB2,18,v,18
拿過來,VC32,0,v,3
持分,"Naeb, VI3","2, 0","n, v","2, 2"
挂,b,0,zg,1
指定人,Nab,0,n,3
指導人,Nab,3,n,3
指揮處,Ncb,0,n,3
按下,VC2,38,v,38
按摩人,Nab,0,n,3
按日,Dh,6,n,6
按月,Dh,9,n,9
按此,Dh,0,n,2
挖東牆補西牆,VA4,0,v,6
挨打,VB11,13,v,13
挨揍,VB11,3,v,3
挨罵,VB11,7,v,7
挨過,VJ1,1,v,2
挨餓,VH11,0,i,2
捄,VC2,0,v,1
捏一把冷汗,VB11,3,v,5
捔,b,0,zg,1
捨命陪君子,VA4,0,v,5
捭,b,0,zg,1
据,b,0,zg,1
捯,VC2,0,v,1
捲,"Nfa, VC2","26, 34","q, v","26, 34"
捲兒,Nfa,0,q,2
捲走,VC31,3,v,3
捲起來,VB12,3,v,3
捲軸,Nab,3,n,3
捵,b,0,zg,1
捶鍊,VC2,0,v,2
掀起來,VB2,0,v,3
掃瞄,"Nv1, VC2","0, 60",v,62
掄刀,VA4,0,v,2
掄材,VA4,0,v,2
掄棍,VA4,0,v,2
掇拾,VC2,0,v,2
掉下,VA11,5,v,5
掉進,VC1,13,v,13
掏出來,VB2,5,v,5
排泄,VC2,12,v,12
排泄物,Naa,16,n,16
掛上,VC2,25,v,25
掛起來,VB2,3,v,3
掠地,b,0,zg,2
採桑,VA4,0,v,2
採用到,VC2,1,v,3
接受到,VC31,9,v,9
接觸到,VC2,69,v,69
接過來,VB2,8,v,8
控制住,VC2,7,v,7
控制台,Nab,0,n,3
推托,VA4,1,v,2
推荐,VC2,18,v,18
推鉋,Nab,0,n,2
揅,b,0,zg,1
揆度,VC2,0,v,2
提心弔膽,VH21,8,i,8
提昇,"Nv1, VC2","0, 386",v,388
提梁,Nab,0,n,2
提起來,"Dbc, VB2","2, 3",v,6
插上,VC33,9,v,9
揕,b,0,zg,1
揜,VC2,1,v,1
揭櫫,Nac,0,n,2
揶,b,0,zg,1
揹,VC2,37,v,37
揹黑鍋,VH11,0,i,3
搆,VC2,2,v,2
搌,VC2,0,v,1
損害到,VJ1,2,v,3
搖唇鼓舌,VA4,0,v,4
搖蕩,VA2,1,v,2
搜括,VC2,1,v,2
搜羅,VC2,2,v,2
搜集,VC2,53,v,53
搥打,VC2,0,v,2
搥背,VA4,2,v,2
搥胸,VA4,0,v,2
搥胸頓足,VA4,2,v,4
搥鼓,VA4,0,v,2
搦管,VA4,0,v,2
搬上,VC32,23,v,23
搭擋,"Nab, VA4","4, 0","n, v","4, 2"
搯出來,VB2,0,v,3
搯耳朵,VA4,0,v,3
搾取,VC31,3,v,3
搾渣,Naa,0,n,2
搾甘蔗,VA4,0,v,3
摀,VC2,6,v,6
摛,b,0,zg,1
摭取,VC31,0,v,2
摭採,VC2,0,v,2
摸不著邊際,VH11,0,i,5
摹倣,VC2,0,v,2
撈到,VC31,5,v,5
撒但,Nab,0,n,2
撚指之間,Ndc,0,t,4
撚指間,Ndc,0,t,3
撚搓,VC31,0,v,2
撚線,VA4,0,v,2
撚鬚,VA4,0,v,2
撝,b,0,zg,1
撞上,VC2,24,v,24
撞人,VA4,0,v,2
撟捷,VH11,0,i,2
撢,VC2,1,v,1
撫恤,VC2,2,v,2
撫恤金,Naeb,0,n,3
撫髀興歎,VE2,0,v,4
撮和,VC2,0,v,2
撲地,VA4,1,v,2
撲的,Dh,1,n,2
撿到,VC2,22,v,22
擂台,Nab,3,n,3
擂台賽,Nac,0,n,3
擂缽,Nab,0,n,2
擄人勒贖,VA4,8,v,8
擊剌,VA4,0,v,2
擊沈,VC2,3,v,3
擊筑,VA4,1,v,2
操舟,VA4,0,v,2
操觚,VA4,0,v,2
擗,b,0,zg,1
據了解,Dk,201,l,201
據報,"Dk, VE2","1, 1","l, v","2, 2"
據有,VJ3,1,v,2
據道,Dk,0,l,2
擠上,VC1,3,v,3
擠人,VA4,0,v,2
擠過,VC1,1,v,2
擢昇,VG2,0,v,2
擦去,VC2,3,v,3
擩,b,0,zg,1
擲下,VC31,0,v,2
擲還,VD1,0,v,2
攗,b,0,zg,1
攙合,VC33,0,v,2
攝氏寒暑表,Nab,0,n,5
攩,VC2,0,v,1
支持住,VH11,0,i,3
收听,VC2,0,v,2
攸戚相關,VH11,0,i,4
改編為,VG1,3,v,3
改變成,VG1,7,v,7
攻占,VC2,5,v,5
放下來,VB2,9,v,9
放下屠刀立地成佛,VA4,0,v,8
放出來,VB2,9,v,9
放砲,VA4,3,v,3
放諸四海而皆準,VH11,0,i,7
放馬後砲,VH11,0,i,4
政治作戰學校,Nca,0,ns,6
政治地理,Nad,0,n,4
政治大學,Nca,0,ns,4
故我,VH11,0,i,2
故老,Nab,0,n,2
敏於事而慎於言,VH11,0,i,7
救人一命勝造七級浮屠,VH11,0,i,10
救人如救火,VH11,0,i,5
救出來,VB12,2,v,3
教育出來,VB12,3,v,4
教育學院,Ncb,0,n,4
教育行政,Nad,0,n,4
教育金,Naeb,0,n,3
敝人,Nhac,5,n,5
敢問,VE11,1,v,2
敢為,VH11,3,i,3
散兵游勇,Naeb,2,n,4
散布,"Nv1, VC33","0, 32",v,34
散髮,VH11,1,i,2
敦親睦鄰,VA4,5,v,5
敪,b,0,zg,1
敬謹,VH21,1,i,2
敬軍,VH21,0,i,2
敬陳,VC2,0,v,2
敬頌,VE2,0,v,2
整整的,Dab,0,d,3
整潔為強身之本,VH11,0,i,7
敵前,Ncc,0,n,2
敵占區,Ncb,0,n,3
敵後工作人員,Nab,0,n,6
數字計算機,Nab,0,n,5
數說,VC2,3,v,3
數錢,VA4,0,v,2
斂衾,Nab,0,n,2
文公,Nba,0,nr,2
文化事業,Nac,0,n,4
文化人,Nab,17,n,17
文化大學,Ncb,0,n,4
文化建設委員會,Ncb,0,n,7
文化感,Nad,0,n,3
文化鬥爭,Nad,0,n,4
文德,Nad,0,n,2
文明人,Nab,6,n,6
文祺,VH11,0,i,2
文章家,Nab,0,n,3
文藝會,Nac,0,n,3
斑剝,VH11,7,i,7
斗,Nfg,8,q,8
斗大,A,4,n,4
斗栱,Nab,3,n,3
斗蓬,Nab,3,n,3
料中,VE2,0,v,2
斜過,VH11,0,i,2
斧政,VC2,0,v,2
斯堪地那維亞,Nca,2,ns,6
新主,Nab,2,n,2
新人物,Nab,0,n,3
新來,VA11,14,v,14
新公園,Nca,11,ns,11
新到,VC1,2,v,2
新制度,Nac,0,n,3
新句,Nac,0,n,2
新台幣,Naeb,202,n,202
新埔工業專科學校,Nca,0,ns,8
新埤,Nca,1,ns,2
新局面,Nad,0,n,3
新思想,Nad,0,n,3
新時代,Nac,0,n,3
新消息,Nac,0,n,3
新生地,Nab,11,n,11
新生活運動,Nac,0,n,5
新石器時代,Ndaaa,0,n,5
新竹師範學院,Nca,0,ns,6
新米,Nab,1,n,2
新聞家,Nab,0,n,3
新聞專科學校,Ncb,0,n,6
新聞通訊社,Nca,0,ns,5
新進,A,85,n,85
新雨,Naa,1,n,2
斲,b,0,zg,1
斷弦,VH11,2,i,2
斷頭台,Nab,3,n,3
方志,Nab,5,n,5
方為人上人,VH11,0,i,5
方纔,Dd,0,d,2
於斯,b,0,zg,2
施力,VB11,10,v,10
施恩不望報,VH11,0,i,5
施賑,VB11,0,v,2
施醫,VA4,0,v,2
旁注,Nac,0,n,2
旁礡,VH11,0,i,2
旁証,Nac,0,n,2
旗桿,Nab,8,n,8
既來之則安之,VH11,0,i,6
既已,Dd,14,d,14
日人,Nab,45,n,45
日新,A,5,n,5
日曬,VH11,10,i,10
日曬雨淋,VH11,0,i,4
日本人,Nab,292,n,292
日本史,Nad,3,n,3
日校,Ncb,0,n,2
日沒,VH11,0,i,2
日爾曼民族,Nba,0,nr,5
旨酒佳肴,Naeb,0,n,4
早一些,Dd,1,d,3
早一點,Dd,19,d,19
早到,VH11,1,i,2
旱乾,VH11,0,i,2
旱煙,Naa,0,n,2
旺旺的,VH11,0,i,3
昆侖,Nca,0,ns,2
昆崙山,Nca,0,ns,3
昆曲,Nac,3,n,3
昇冪,Nad,0,n,2
昇空,VA13,0,v,2
昇起,VA2,16,v,16
昇降,VA11,1,v,2
昇降機,Nab,1,n,3
昌隆,VH11,4,i,4
明尼蘇大學,Nca,0,ns,5
明尼蘇達大學,Nca,0,ns,6
明州,Nca,0,ns,2
明帝,Nba,1,nr,2
明志,VA4,1,v,2
明志工業專科學校,Nca,0,ns,8
明槍易躲暗箭難防,VH11,0,i,8
明王,Nab,8,n,8
明皎,VH11,0,i,2
明瞭,VK1,49,v,49
明禮,VH21,1,i,2
明艷,VH11,1,i,2
明艷照人,VH11,0,i,4
明講,VA4,4,v,4
明鑑,VA4,0,v,2
昏沈,VH11,7,i,7
易人,VA4,5,v,5
易易,VH11,0,i,2
易水,Nca,6,ns,6
星羅棋布,VH11,2,i,4
星隕,VH11,0,i,2
春夢了無痕,VH11,0,i,5
春宵一刻值千金,VH11,0,i,7
春秋左氏傳,Nba,0,nr,5
是以,Cbca,33,c,33
是可忍孰不可忍,VH11,0,i,7
是故,Cbca,19,c,19
是非心,Nad,0,n,3
昵,b,0,zg,1
時世,Nad,1,n,2
時代周刊,Nba,1,nr,4
時間藝術,Nad,0,n,4
晃蕩,VA11,1,v,2
晉陞,VG2,1,v,2
晏寢,VA4,0,v,2
晏然,VH11,0,i,2
晏起,VA12,0,v,2
晏飲,VA4,0,v,2
普魯士王國,Nac,0,n,5
景德,Nca,1,ns,2
景致,Nad,52,n,52
晾曬,VC2,2,v,2
暑濕痺,Nad,0,n,3
暗澹,VH11,1,i,2
暝想,VE2,0,v,2
暝色,Nad,0,n,2
暢月,Ndabc,0,t,2
暢茂,VH11,0,i,2
暴戾恣睢,VH11,0,i,4
暹邏,Nba,2,nr,2
曉陽,Nab,0,n,2
曏,b,0,zg,1
曝曬,"Nv1, VC2","0, 11",v,13
曠士,Nab,0,n,2
曬,VC2,30,v,30
曬乾,VB12,13,v,13
曬場,Ncb,2,n,2
曬太陽,VA4,12,v,12
曬衣架,Nab,0,n,3
曬衣繩,Nab,0,n,3
曬鹽,VA4,2,v,2
曬黑,VH16,0,v,2
曲拐,Nab,0,n,2
更卒,Nab,0,n,2
更姓,VA4,0,v,2
更年,A,0,n,2
更張,VH11,1,i,2
曷不,Dbb,1,d,2
曷極,Dfa,0,d,2
曷若,Dbb,0,d,2
書柬,Nab,0,n,2
書獃子,Nab,1,n,3
書癡,Nab,0,n,2
書簽,Nab,2,n,2
書舖,Nab,0,n,2
書虫,Nab,0,n,2
曹族,Nba,2,nr,2
曹軍,Naeb,0,n,2
曼衍,VH14,0,v,2
曼麗,VH11,0,i,2
曾子,Nba,14,nr,14
曾文,Nba,24,nr,24
曾經滄海難為水,VH11,0,i,7
最下面,Ncdb,1,f,3
最前面,Ncdb,2,f,3
最基本,A,0,n,3
最底部,Ncdb,0,f,3
最後勝利,Nad,0,n,4
最後審判,Nad,0,n,4
最高學府,Ncb,0,n,4
會帳,VA4,0,v,2
會腳,Nab,0,n,2
會要,Nab,0,n,2
會規,Nac,0,n,2
會話,Nad,16,n,16
會銀,Naeb,0,n,2
會錢,Naeb,4,n,4
月事,Nad,1,n,2
月分,Nac,13,n,13
月利,Naeb,0,n,2
月台,Ncb,6,n,6
月圓,VH11,3,i,3
月報,"Nab, VA4","2, 0","n, v","2, 2"
月形,Nad,1,n,2
月神,Nab,4,n,4
月老,Nab,0,n,2
月考,"Nad, VA4","31, 0","n, v","31, 2"
月輪,Nab,0,n,2
有一手,VH11,1,i,3
有些兒,Dfa,0,d,3
有出入,VH11,16,i,16
有出息,VH11,3,i,3
有分,VH11,3,i,3
有利必有弊,VH11,0,i,5
有力出力,VA4,0,v,4
有年,b,0,zg,2
有待商榷,VH11,10,i,10
有得,Dab,18,d,18
有德,VH11,3,i,3
有才,VH11,2,i,2
有氧舞蹈,Nad,3,n,4
有為,VH11,9,i,9
有熊,Nba,0,nr,2
有病,VH11,12,i,12
有的,Neqa,1054,m,1054
有禮,VH11,14,i,14
有緣千里來相會,VH11,0,i,7
有苦說不出,VH11,0,i,5
有解,VH11,0,i,2
有請,VC2,1,v,2
有道,VH11,14,i,14
有鑒於此,Dk,4,l,4
有靈,VH11,2,i,2
有頃,Dd,0,d,2
朋友有通財之義,VH11,0,i,7
服事,VC2,0,v,2
服務台,Ncb,17,n,17
服務所,Ncb,6,n,6
服從為負責之本,VH11,0,i,7
望外,b,0,zg,2
望日,Ndabd,0,t,2
望洋興歎,VH11,0,i,4
朝上,VA13,3,v,3
朝下,VA13,6,v,6
朝前,VA11,0,v,2
朝天,VA12,7,v,7
朝旭,Nab,0,n,2
朝朝,Dd,0,d,2
朝聞道夕死可矣,VH11,0,i,7
木杵,Nab,0,n,2
木桿,Nab,1,n,2
木簫,Nab,0,n,2
木鐸,Nab,2,n,2
末著,Nad,0,n,2
本份,Nad,5,n,5
本國人,Nab,3,n,3
本省人,Nab,26,n,26
本號,Nce,0,n,2
朱唇皓齒,VH11,0,i,4
朱學,Nad,0,n,2
朱紅,Nad,4,n,4
朱紅色,Nad,1,n,3
朱色,Nad,0,n,2
朴,Nbc,0,nr,1
机,b,0,zg,1
朽木不可雕也,VH11,0,i,6
李樹,Nab,0,n,2
李耳,Nba,1,nr,2
李鐵拐,Nba,0,nr,3
村里,Ncb,15,n,15
杖藜,Nab,0,n,2
杜南,Nba,0,nr,2
束狀,Nad,0,n,2
束腹,"Nab, VA4","0, 0","n, v","2, 2"
杠子,Nab,0,n,2
杰,b,0,zg,1
東一句西一句,VA4,0,v,6
東京人,Nab,0,n,3
東北地方,Nab,0,n,4
東北季候風,Naa,0,n,5
東南工業專科學校,Nca,0,ns,8
東印度群島,Nca,0,ns,5
東漢人,Nab,0,n,3
東漸,VH11,2,i,2
東羅馬帝國,Nba,0,nr,5
東翁,Nab,0,n,2
東進,VH11,0,i,2
杶,Nab,0,n,1
松,Nab,24,n,24
松枝,Nab,3,n,3
松柏後凋,VH11,0,i,4
松氣,Naa,0,n,2
松竹,Naeb,8,n,8
松花江平原,Nca,0,ns,5
板起,VC2,1,v,2
析爨,VA4,0,v,2
枒杈,VA4,0,v,2
枕席,Naeb,0,n,2
枕席難安,VH11,0,i,4
林杪,Nab,0,n,2
林梢,Nab,1,n,2
林泉,Naa,1,n,2
林班,Nac,2,n,2
林野,Ncb,0,n,2
枝枒,Nab,2,n,2
架住,VC2,2,v,2
架走,VC31,0,v,2
架開,VC2,1,v,2
柏林人,Nab,1,n,3
柜,b,0,zg,1
查修,VC2,0,v,2
查勤,"Nv4, VA4","0, 0",v,4
查庫,VA4,0,v,2
查號台,Ncb,3,n,3
柯羅拉多州,Nac,0,n,5
柳巷,Ncb,0,n,2
柳花,Nab,0,n,2
柳葉,Nab,12,n,12
柳蔭,Nab,2,n,2
栖,b,0,zg,1
栖栖皇皇,Dh,0,n,4
栗,b,0,zg,1
核可,VC2,9,v,9
格林威治時間,Nba,0,nr,6
格正,VH11,0,i,2
桂子,Nab,0,n,2
桂王,Nba,1,nr,2
桅桿,Nab,6,n,6
桑蟲,Nab,0,n,2
桑麻,Naeb,0,n,2
桓公,Nba,0,nr,2
桓溫,Nba,0,nr,2
桔槔,Nab,0,n,2
桫,b,0,zg,1
桿,!Nab,0,n,1
桿子,Nab,2,n,2
梁,Nbc,33,nr,33
梁柱,Nab,0,n,2
梅爾,Nba,13,nr,13
梅紅,Nad,0,n,2
梏桎,Ncb,0,n,2
條件式,Nac,0,n,3
梳妝台,Nab,3,n,3
棄之如敝屣,VA4,0,v,5
棄妻女於不顧,VA4,0,v,6
棋布,VH14,0,v,2
棟梁,Nab,8,n,8
棟梁之材,Nab,0,n,4
棱,b,0,zg,1
棱角,Nac,0,n,2
植物人,Nab,11,n,11
植物區,Ncb,1,n,3
植物病理學,Nad,0,n,5
楊城,"Nba, Nca","0, 0","nr, ns","2, 2"
楊朱,Nba,3,nr,3
楊花,Nab,1,n,2
楊駿,Nba,0,nr,2
楚人,Nab,0,n,2
楛,b,0,zg,1
楬櫫,Nac,0,n,2
業精於勤荒於嬉,VH11,0,i,7
業蹟,Nac,0,n,2
極帶,Ncb,0,n,2
極,Dfa,0,d,2
榎,b,0,zg,1
榛榛,VH11,0,i,2
榦,b,0,zg,1
榨乾,VC2,0,v,2
榮寵,Nad,1,n,2
榮枯,Nad,7,n,7
榮民,Nab,84,n,84
榮民工程處,Nca,0,ns,5
榮民總醫院,Nca,0,ns,5
榮總,Nca,80,ns,80
榮銜,Nad,6,n,6
榴彈砲,Nab,8,n,8
槌球,Nab,5,n,5
槍把,Nab,1,n,2
樂毅,Nba,0,nr,2
樂群,VH11,2,i,2
樊石,Naa,0,n,2
樊遲,Nba,1,nr,2
樓台,Nab,2,n,2
樓台亭閣,Naeb,0,n,4
標致,VH11,4,i,4
模倣,"Nv1, VC2","0, 5",v,7
樨,b,0,zg,1
樹杪,Nab,0,n,2
樹脂塑膠片,Nab,0,n,5
橋梁,Nab,21,n,21
機器腳踏車,Nab,0,n,5
機械人,Nab,4,n,4
機關車,Nab,0,n,3
橫坐標,Nac,0,n,3
橫坐標軸,Nac,0,n,4
橫征暴斂,VH11,0,i,4
橫征暴歛,VA4,0,v,4
檀弓,Nab,0,n,2
檀越,Nab,0,n,2
檀郎,Nab,0,n,2
檃,b,0,zg,1
檑,b,0,zg,1
檢查長,Nab,0,n,3
檥,b,0,zg,1
檯子,Nab,2,n,2
櫂,Nab,0,n,1
櫃台,Ncb,21,n,21
櫃臺,Nab,15,n,15
櫑,b,0,zg,1
櫜,Nab,0,n,1
櫻唇,Nab,0,n,2
欂,b,0,zg,1
權為,VG2,0,v,2
權要,Nab,0,n,2
次等,A,7,n,7
欬,b,0,zg,1
欲加之罪何患無辭,VA4,0,v,8
欲望,Nac,76,n,76
欲海,Nad,1,n,2
欷吁,Dh,0,n,2
欷歔,VE2,2,v,2
欺人,VA4,3,v,3
欺誑,VC2,0,v,2
欽羡,VJ2,2,v,2
歆羡,VJ2,0,v,2
歇後,b,0,zg,2
歈,b,0,zg,1
歎,VE2,10,v,10
歎一口氣,VA4,0,v,4
歎傷,VE2,0,v,2
歎喟,VE2,0,v,2
歎息,VA4,2,v,2
歎息聲,Nad,0,n,3
歎氣,VA4,4,v,4
歎羡,VJ2,0,v,2
歎詞,Nac,0,n,2
歐洲共同市場,Nba,0,nr,6
歐美先進國家,Nac,0,n,6
歐風,Nad,4,n,4
歔欷,VA4,0,v,2
歛,b,0,zg,1
正中央,Ncdb,7,f,7
正鵠,Nad,0,n,2
步步高陞,VH11,0,i,4
武功縣,Nca,0,ns,3
武后,Nba,5,nr,5
武宗,Nba,1,nr,2
武帝,Nba,11,nr,11
武王,Nba,15,nr,15
歧路徬徨,VH21,0,i,4
歲次,Nad,0,n,2
歲除,Ndabd,0,t,2
歸于,VK2,2,v,2
歸人,Nab,1,n,2
歸宗,VH11,1,i,2
歸客,Nab,0,n,2
歸正,VB12,0,v,2
歸老,VH11,0,i,2
歸諸,VJ1,9,v,9
歸諸于,VJ1,0,v,3
死傷不計其數,VH11,0,i,6
死前,Dd,9,d,9
死相,Nad,1,n,2
死等,VC2,0,v,2
死胡同,Nab,6,n,6
死馬當作活馬醫,VB12,0,v,7
死馬當活馬治,VB12,0,v,6
歿世,VH11,0,i,2
殀,b,0,zg,1
殂沒,VH11,0,i,2
殂落,VH11,0,i,2
殍,b,0,zg,1
殖利,VA4,0,v,2
殘肴,Naa,0,n,2
殭尸,Nab,0,n,2
殷人,Nab,0,n,2
殷朝,Ndaab,0,t,2
殷鑒,Nad,0,n,2
殺一警百,VA4,0,v,4
殺千刀的,Nhac,0,n,4
殺虫劑,Naa,0,n,3
殺虫藥,Nab,0,n,3
毀棄,VC2,9,v,9
毀訾,VC2,0,v,2
毀詆,VC2,0,v,2
毀譽,Nad,6,n,6
毀譽參半,VH11,2,i,4
毋忘在莒,VH21,0,i,4
毋貽後患,VH11,0,i,4
母儀,"Nad, VC2","0, 0","n, v","2, 2"
比下去,VI2,2,v,3
比並,VH11,0,i,2
比年,Dd,0,d,2
比起來,Dbc,4,v,4
比較起來,Dbc,14,v,14
毛偽,Nba,0,nr,2
毛姆,Nba,0,nr,2
毛羽,Naea,0,n,2
毛遂自荐,VA4,0,v,4
毫無可取之處,VH11,0,i,6
毳幕,Nab,0,n,2
氄,b,0,zg,1
民主國,Nab,6,n,6
民主國家,Nac,0,n,4
民主政治,Nad,0,n,4
民事訴訟法,Nad,0,n,5
民族革命,Nad,0,n,4
民為貴君為輕,VH11,0,i,6
民眾服務社,Ncb,0,n,5
气,b,0,zg,1
氠,Naa,0,n,1
氣勢磅礡,VH11,0,i,4
氣沖牛斗,VH21,0,i,4
氣沮,VH11,1,i,2
氣燄,Naa,3,n,3
氣燄萬丈,VH11,0,i,4
氣象台,Ncb,2,n,3
氧化鐿,Naa,0,n,3
水亭,Nab,0,n,2
水堙,Naa,0,n,2
水泄不通,VH11,5,i,5
水煙袋,Nab,0,n,3
水耕,"Nv4, VA4","0, 1",v,4
水蘭,Nab,0,n,2
水表,Nab,2,n,2
水輪發動機,Nab,0,n,5
水里,Nca,2,ns,2
水銀壓力計,Nab,0,n,5
水電瓦斯費,Naeb,0,n,5
水霸,Nab,0,n,2
永劫,b,0,zg,2
氾氾,VH11,0,i,2
求人不如求己,VH11,0,i,6
求才,"Nv4, VA4","0, 18",v,20
汆湯,VA4,0,v,2
汎心論,Nad,0,n,3
汎愛,Nad,0,n,2
汎神論,Nad,0,n,3
汎稱,VG2,0,v,2
汎美,Nba,0,nr,2
汎美主義,Nad,0,n,4
汎美航空,Nba,0,nr,4
汎論,Nad,0,n,2
汗濕,VJ3,4,v,4
汝曹,Nhaa,0,r,2
汝等,Nhaa,4,r,4
江山易改本性難移,VH11,0,i,8
污,VC2,5,v,5
污亂,VH11,0,i,2
污名,Nac,2,n,2
污吏,Nab,1,n,2
污垢,Naa,10,n,10
污損,VC2,3,v,3
污染,Nv1,352,v,352
污氣,Naa,0,n,2
污水,Naa,57,n,57
污水槽,Nab,0,n,3
污泥,Naa,26,n,26
污濁,VH11,11,i,11
污物,Naeb,2,n,2
污穢,VH11,15,i,15
污穢不堪,VH11,0,i,4
污蔑,VC2,4,v,4
污衊,VC2,8,v,8
污辱,VC2,6,v,6
污點,Nac,2,n,2
汨汨,VH11,9,i,9
汩沒,VA11,0,v,2
汪汪的,VH11,1,i,3
沃瘠,Nac,0,n,2
沆,b,0,zg,1
沈勇,VH11,0,i,2
沈厚,VH11,0,i,2
沈吟,VA4,8,v,8
沈沒,VH11,4,i,4
沈浮,VA11,4,v,4
沈湎,VJ2,1,v,2
沈濁,VH11,0,i,2
沈痛,VH21,4,i,4
沈痼,Nad,0,n,2
沈睡,VH11,9,i,9
沈積,VA12,13,v,13
沈筒,Nab,0,n,2
沈落,VA11,4,v,4
沈著,"Nv4, VH11","0, 11","i, v","11, 2"
沈迷,VJ2,17,v,17
沈醉,VI1,19,i,19
沈重,VH11,83,i,83
沈降,VA11,0,v,2
沈香,Nab,0,n,2
沈鬱,VH11,3,i,3
沒沒,Dh,0,n,2
沒辦法,VI2,140,v,140
沖倒,VC2,2,v,2
沖出,VC32,0,v,2
沖和,VH11,0,i,2
沖壓,VC2,0,v,2
沖撞,VC2,1,v,2
沖擊,"Nv1, VC2","0, 12",v,14
沖激,VC2,2,v,2
沖犯,VC2,0,v,2
沖退,VC2,0,v,2
沖鋒槍,Nab,0,n,3
沙他蓬甲威他儂,Nba,0,nr,7
沙烏地阿拉伯,Nca,72,ns,72
沛沛,VH11,0,i,2
沛然,VH11,5,i,5
沮泄,VH11,0,i,2
沴,b,0,zg,1
油污,Naa,4,n,4
治喪委員會,Nac,0,n,5
治絲愈棼,VH11,0,i,4
沾上,VJ1,9,v,9
沾污,VJ1,2,v,2
沾濕,VC2,1,v,2
沾粘,VC33,1,v,2
沿門托缽,VA4,1,v,4
泂,b,0,zg,1
泄,b,0,zg,1
泄恨,VH21,0,i,2
泄殖腔,Nab,0,n,3
泄沓,VH11,0,i,2
泄泄汨汨,Dh,0,n,4
泄泄沓沓,Dh,0,n,4
泄漏,VC31,3,v,3
法國革命,Nad,0,n,4
法定代理人,Nab,0,n,5
法定公積金,Naeb,0,n,5
法座,Nab,0,n,2
法律之前人人平等,VH11,0,i,8
法律學,Nad,0,n,3
法律性,Nad,0,n,3
法律行為,Nad,0,n,4
法條,Nac,16,n,16
泛泛的,A,0,n,3
泠泠,VH11,0,i,2
泠洌,VH11,0,i,2
泡沬,Naa,4,n,4
波光蕩漾,VH11,0,i,4
波義耳定律,Nac,0,n,5
波詭雲譎,VH11,0,i,4
波譎雲詭,VH11,0,i,4
波音噴射機,Nab,0,n,5
泥污,Naa,3,n,3
泥濕,VH11,0,i,2
注定,VK2,32,v,32
注意到,VK1,163,v,163
注明,VE2,0,v,2
注疏,VB12,0,v,2
注腳,Nac,1,n,2
注解,Nac,0,n,2
注釋,Nac,4,n,4
注音,"Nac, VA4","139, 1","n, v","139, 2"
洋參,Nab,0,n,2
洋煙,Nab,2,n,2
洋車夫,Nab,0,n,3
洒,b,0,zg,1
洚,b,0,zg,1
洛克斐勒基金會,Nca,0,ns,7
洞房花燭夜,Nad,0,n,5
洞鑒,VC2,1,v,2
津梁,Nab,0,n,2
津要,Nac,0,n,2
洲渚,Nab,0,n,2
活到老學到老,VA4,0,v,6
洼,b,0,zg,1
派上,VC32,2,v,2
派給,VD1,0,v,2
流出來,VA11,9,v,9
流涎咽唾,VA4,0,v,4
流行性感冒,Nad,0,n,5
流覽,VC2,3,v,3
流體冶金術,Nad,0,n,5
流體動力學,Nad,0,n,5
流體靜力學,Nad,0,n,5
浩歎,VE2,0,v,2
浭,b,0,zg,1
浮上,VC1,15,v,15
浮台,Nab,0,n,2
浮沈,VH11,8,i,8
浮盪,VA11,4,v,4
浮遊,VA11,4,v,4
海事專科學校,Nca,0,ns,6
海事水產職業學校,Ncb,0,n,8
海事職業學校,Nca,0,ns,6
海南特別行政區,Nca,0,ns,7
海參,Nab,6,n,6
海地共和國,Nca,0,ns,5
海埔新生地,Ncb,0,n,5
海專,Ncb,4,n,4
海岬,Nab,0,n,2
海德堡大學,Nca,0,ns,5
海水不可斗量,VH11,0,i,6
海軍軍官學校,Nca,0,ns,6
海鱸,Nab,0,n,2
浸濕,VH16,8,v,8
浹洽,VH11,0,i,2
浹背,b,0,zg,2
涂,Nbc,2,nr,2
消愁解悶,VH11,0,i,4
消費合作社,Ncb,0,n,5
涔淚,Naa,0,n,2
液體動力學,Nad,0,n,5
涼台,Nab,1,n,2
涼席,Nab,0,n,2
淀,b,0,zg,1
淋濕,VB12,10,v,10
淑懿,Nad,0,n,2
淒切,VH21,2,i,2
淒咽,VH21,0,i,2
淒惶,VH21,0,i,2
淒慘,VH11,6,i,6
淒楚,VH11,3,i,3
淒淒,VH21,0,i,2
淒清,VH11,4,i,4
淒然,Dh,0,n,2
淒迷,VH11,0,i,2
淒風苦雨,Naea,2,n,4
淡大,Nca,57,ns,57
淡水工商管理專校,Nca,0,ns,8
淩,b,0,zg,1
深得,VJ3,0,v,2
深摰,VH11,0,i,2
深更,VH11,0,i,2
深耕易耨,VA4,0,v,4
深詆,VC2,0,v,2
深鉅,VH11,1,i,2
淳風,Nad,0,n,2
淺明,VH11,0,i,2
淺說,VC2,1,v,2
添上,VC31,1,v,2
淼淼,VH11,0,i,2
清官難斷家務事,VE2,0,v,7
清寒獎學金,Naeb,0,n,5
清掃伕,Nab,0,n,3
清輝,Naa,0,n,2
清道伕,Nab,1,n,3
清閑,VH11,1,i,2
渥飾,Naa,0,n,2
渦輪發動機,Nab,0,n,5
測量出,VE2,0,v,3
港都,Nab,0,n,2
游,"Nbc, VA11","27, 45","nr, v","27, 45"
游俠,Nab,0,n,2
游刃有餘,VH11,9,i,9
游動,VA11,7,v,7
游士,Nab,0,n,2
游子,Nab,1,n,2
游手,VA4,0,v,2
游手好閒,VH11,2,i,4
游手恣睢,VH11,0,i,4
游擊,Nad,8,n,8
游樂,VA4,0,v,2
游標,Nac,16,n,16
游民,Nab,3,n,3
游牧,VA4,9,v,9
游牧民族,Naeb,0,n,4
游盪,VA4,0,v,2
游目騁懷,VA4,0,v,4
游移,VA11,15,v,15
游絲,Nab,2,n,2
游船,Nab,0,n,2
游蕩,VA4,1,v,2
游藝會,Nac,0,n,3
游行,VA11,0,v,2
游說,VF2,2,v,2
游資,Naeb,14,n,14
游走,VC1,11,v,11
游蹤,Nad,0,n,2
游開,VA11,0,v,2
游離,VA4,10,v,10
游離份子,Nab,0,n,4
游騎兵,Nab,0,n,3
游魂,Nab,2,n,2
湔洗,VC2,0,v,2
湔滌,VC2,0,v,2
湔雪,VC2,1,v,2
湛深,VH11,0,i,2
湯武,Nba,0,nr,2
源由,Nac,5,n,5
準的,Nac,1,n,2
溫善,VH11,0,i,2
溫純,VH11,0,i,2
溫顏,Nad,2,n,2
滂渤,VH11,0,i,2
滂霈,VH11,0,i,2
滄溟,Nab,0,n,2
滑過,VC1,4,v,4
滾上,VC1,0,v,2
滾珠承軸製造廠,Ncb,0,n,7
滿人,Nab,0,n,2
滿佈,VH14,10,v,10
滿兵,Nab,0,n,2
滿口胡說八道,VA4,0,v,6
漂了,VH11,0,i,2
漂蕩,VA11,0,v,2
漏卮,Nab,0,n,2
漏杓,Nab,0,n,2
漢儒,Nab,1,n,2
漢軍,Nab,2,n,2
漦,b,0,zg,1
漸癒,VH11,0,i,2
漻,b,0,zg,1
漾漾,VH11,0,i,2
潘恩,Nba,1,nr,2
潛水人,Nab,7,n,7
潝,b,0,zg,1
潤濕,VH11,0,i,2
潤濕器,Nab,0,n,3
潮濕,VH11,34,i,34
澈悟,VH11,1,i,2
澔,b,0,zg,1
澦,b,0,zg,1
澹泊,VH11,0,i,2
澹然,VH11,0,i,2
濃妝艷抹,VH11,3,i,4
濕,VH11,59,i,59
濕地,Naa,53,n,53
濕季,Ndabf,0,t,2
濕度,Nad,26,n,26
濕度表,Nab,0,n,3
濕氣,Nad,4,n,4
濕淋淋,VH11,9,i,9
濕漉漉,VH11,5,i,5
濕潤,VH11,12,i,12
濕熱,VH11,6,i,6
濕疹,Nad,4,n,4
濕答答,VH11,2,i,3
濕透,VH16,10,v,10
濘泥,Naa,2,n,2
濘滯,VH11,0,i,2
濟燃眉之急,VH11,0,i,5
濡濕,VC2,1,v,2
濺濕,VC2,0,v,2
濾過性病毒,Naa,0,n,5
瀇,b,0,zg,1
瀛台,Nca,0,ns,2
瀟洒,VH11,6,i,6
灑上,VC33,0,v,2
灕,b,0,zg,1
灘上,Ncc,0,n,2
灨,Nca,0,ns,1
火伕,Nab,0,n,2
火燄,Naa,4,n,4
火砲,Nab,2,n,2
火腿三明治,Nab,0,n,5
火車時刻表,Nac,0,n,5
灰蒙蒙,VH11,0,i,3
灰黯,VH11,1,i,2
炖,VC31,2,v,2
炘,Nbc,0,nr,1
炭水化合物,Naa,0,n,5
炮台,Nab,5,n,5
炳煥,VH11,0,i,2
炷香,VA4,0,v,2
炸中,VC2,0,v,2
炸毀,VC2,12,v,12
為人,Nad,33,n,33
為人作嫁,VH11,2,i,4
為人在世,VA4,0,v,4
為公,VH11,0,i,2
為善,VA4,9,v,9
為學,VA4,2,v,2
為宜,VI2,38,v,38
為己,VH11,5,i,5
為幸,VH11,0,i,2
為患,VH11,7,i,7
為憑,VH11,8,i,8
為業,VH11,7,i,7
為榮,VI1,30,i,30
為甚,VI2,10,v,10
為甚麼,Dj,32,d,32
為私,VA4,0,v,2
為要,VH11,0,i,2
為證,VI2,8,v,8
為限,VI2,43,v,43
為難起來,VR,0,l,4
烏坵,Nca,4,ns,4
烏山頭水庫,Nca,0,ns,5
烏巾,Nab,1,n,2
烏托邦主義,Nba,0,nr,5
烹醢,Nad,0,n,2
烽火台,Nab,1,n,3
焉有,Dbab,1,v,2
焚毀,VC2,11,v,11
焠,VC2,0,v,1
無干,VI2,1,v,2
無意義,VH11,14,i,14
無我,VH11,22,i,22
無政府狀態,Nad,0,n,5
無業游民,Nab,1,n,4
無生物,Naeb,2,n,3
無產階級專政,Nad,0,n,6
無由,Dh,3,n,3
無異議通過,VC2,0,v,5
無立足之地,VH11,0,i,5
無精打釆,VH11,0,i,4
無線電台,Nac,0,n,4
無線電視台,Nac,0,n,5
無緣見面不相識,VH11,0,i,7
無記名投票,Nad,0,n,5
焦思,Nad,0,n,2
焦砟,Naa,0,n,2
然否,VH11,0,i,2
然諾,Nad,0,n,2
煉金,VA4,2,v,2
煉金術,Nad,2,n,3
煉銅,"Naa, VA4","0, 0","n, v","2, 2"
煉鋁,"Naa, VA4","0, 0","n, v","2, 2"
煉鋼,VA4,62,v,62
煉鋼廠,Ncb,4,n,4
煉鋼業,Nad,0,n,3
煉鐵,"Naa, VA4","2, 7","n, v","2, 7"
煙卷兒,Nab,0,n,3
煙台,Nca,1,ns,2
煙嘴,Nab,0,n,2
煙嘴兒,Nab,0,n,3
煙屁股,Nab,4,n,4
煙捲,Nab,0,n,2
煙捲兒,Nab,0,n,3
煙斗,Nab,6,n,6
煙杆,Nab,0,n,2
煙灰,Naa,4,n,4
煙灰缸,Nab,6,n,6
煙絲,Naa,0,n,2
煙缸,Nab,0,n,2
煙草,Naa,8,n,8
煙葉,Nab,2,n,2
煙蒂,Nab,1,n,2
煙袋,Nab,1,n,2
煙袋嘴,Nab,0,n,3
煙袋鍋子,Nab,0,n,4
煙酒,Naeb,7,n,7
煙頭,Nab,7,n,7
煜熠,VH11,0,i,2
煞是,Dbb,8,d,8
煢居,VA12,0,v,2
煢煢,b,0,zg,2
煢獨,VH11,1,i,2
煦日,Naa,0,n,2
照准,VH11,0,i,2
熊心豹子膽,Naa,0,n,5
熊蹯,Nab,0,n,2
熏,VC2,3,v,3
熛,b,0,zg,1
熠煜,VH11,0,i,2
熱中,VL1,32,v,32
熱和,VH11,0,i,2
熾燄,Naa,0,n,2
燄,b,0,zg,1
燐,b,0,zg,1
燒毀,VC2,17,v,17
燕居,VA12,0,v,2
燕爾,VH11,0,i,2
燕王,Nba,2,nr,2
燕遊,VA4,0,v,2
燕雀安知鴻鵠志,VH11,0,i,7
營利事業所得稅,Naeb,0,n,7
燥濕,VH11,0,i,2
燬,b,0,zg,1
燭台,Nab,4,n,4
燹,b,0,zg,1
爍金,b,0,zg,2
爐台,Nab,11,n,11
爝,b,0,zg,1
爨婦,Nab,0,n,2
爨室,Ncb,0,n,2
爨火,VA4,0,v,2
爬上,VC1,48,v,48
爬下,VC1,5,v,5
爭取到,VC31,38,v,38
爭奇鬥艷,VA4,3,v,4
父事,VC2,0,v,2
爹地,Nab,1,n,2
爹娘,Naeb,9,n,9
爺娘,Naeb,1,n,2
爾來,Dd,0,d,2
爾時,Dd,0,d,2
爾等,Nhaa,1,r,2
牋,Nab,0,n,1
牒文,Nac,0,n,2
牖戶,Nab,0,n,2
牛骨,Nab,3,n,3
牝雞司晨,VH11,0,i,4
牠們,Nhaa,387,r,387
牣,b,0,zg,1
牧守,Nab,0,n,2
物質不滅定律,Nad,0,n,6
物質生活,Nad,17,n,17
牷,b,0,zg,1
犧牲掉,VJ1,4,v,4
犯罪心理學,Nad,0,n,5
犰,b,0,zg,1
狂狷,VH11,1,i,2
狄斯奈樂園,Nca,0,ns,5
狄斯耐樂園,Nca,0,ns,5
狄青,Nba,3,nr,3
狉,b,0,zg,1
狎昵,VH11,0,i,2
狗嘴吐不出象牙,VH11,0,i,7
狗年,Ndaba,0,t,2
狗彘,Naeb,0,n,2
狗才,Nab,0,n,2
狳,b,0,zg,1
狷介,VH11,0,i,2
狷忿,VH21,0,i,2
狷急,VH11,0,i,2
狼人,Nab,1,n,2
狼吞虎咽,VA4,0,v,4
猋,"Naa, VH11","0, 0","i, n","1, 1"
猘,b,0,zg,1
猜燈謎,VA4,0,v,3
猞,b,0,zg,1
猴年,Ndaba,0,t,2
猾賊,Nab,0,n,2
猾頭,VH11,0,i,2
獃,VH11,1,i,1
獎挹,VC2,0,v,2
獎杯,Nab,11,n,11
獨占,VJ3,21,v,21
獨占鼇頭,VH11,0,i,4
玄色,Nad,0,n,2
玄談,Nad,0,n,2
玄門,Nad,0,n,2
玄鳥,Nab,0,n,2
玄黃,Ncb,1,n,2
玄鼠,Nab,0,n,2
率爾操觚,VA4,0,v,4
率由,b,0,zg,2
玉不琢不成器,VH11,0,i,6
玉展,VA4,0,v,2
玉峰,Nca,0,ns,2
玉池,Nca,0,ns,2
玉爪,Nab,0,n,2
玉牒,Nab,0,n,2
玉簫,Nab,0,n,2
玉聲,Nad,0,n,2
玉茭,Nab,0,n,2
玉階,Nab,0,n,2
玉顏,Nad,0,n,2
王事,Nad,0,n,2
王冕,Nba,0,nr,2
王命,Nac,0,n,2
王天下,VA4,0,v,3
王學,Nad,1,n,2
王師,Naea,0,n,2
王弼,Nba,0,nr,2
王政,Nad,0,n,2
王業,Nad,0,n,2
王父,Nab,0,n,2
王相,Nad,0,n,2
王祥,Nba,0,nr,2
王考,Nab,0,n,2
玩月,VA4,0,v,2
玲玎,Dh,0,n,2
玷污,VC2,3,v,3
玻里尼西亞,Nca,1,ns,5
玻里尼西亞人,Nab,0,n,6
珍肴異饌,Naeb,0,n,4
班彪,Nba,2,nr,2
班昭,Nba,9,nr,9
班白,VH11,0,i,2
珮環,Nab,0,n,2
珮飾,Nab,0,n,2
現在完成式,Nad,0,n,5
琀,b,0,zg,1
球桿,Nab,6,n,6
球面幾何學,Nad,0,n,5
琅琊,Nca,0,ns,2
理論科學,Nad,0,n,4
琤琮,VH11,0,i,2
琱,b,0,zg,1
琴弦,Nab,16,n,16
瑋寶,Naeb,0,n,2
瑞草,Nab,0,n,2
瑩澤,Nad,0,n,2
瑪莉,Nba,7,nr,7
瑪麗蓮夢露,Nba,1,nr,5
瑲,b,0,zg,1
瑽,b,0,zg,1
璦琿,Nca,0,ns,2
璫璫,Dh,0,n,2
璱,b,0,zg,1
瓜瓞,Nab,0,n,2
瓜瓞,VH11,0,i,4
瓞,b,0,zg,1
瓦窯,Ncb,0,n,2
瓶缽,Naeb,0,n,2
甄訓,VC2,0,v,2
甘比亞共和國,Nca,0,ns,6
甘霈,Naa,0,n,2
生下來,VB2,47,v,47
生出來,VB12,19,v,19
生旦淨末丑,Naeb,0,n,5
生死有命富貴在天,VH11,0,i,8
生活力,Nad,1,n,3
產生出,VC31,7,v,7
產銷一元化,VH16,0,v,5
用上,VC2,9,v,9
用不了,VJ1,0,v,3
用事,b,0,zg,2
用命,VA4,0,v,2
用完,VC2,40,v,40
用情,VI1,2,i,2
用畢,VA4,5,v,5
用起來,Dbc,4,v,4
用飯,VA4,3,v,3
田岸,Ncb,0,n,2
田田,VH11,1,i,2
田黃,Naa,0,n,2
由于,Cbaa,6,c,6
由儉入奢易,VH11,0,i,5
由奢入儉難,VH11,0,i,5
申請到,VC2,19,v,19
界說,VB11,2,v,2
畎畝,Ncb,0,n,2
留得青山在不怕沒柴燒,VH11,0,i,10
略可,VH11,0,i,2
略說,Nad,0,n,2
番人,Nab,5,n,5
畫一,VH11,3,i,3
畫上,VC31,31,v,31
畫出,VC31,44,v,44
畫出來,VB2,7,v,7
畫成,VG1,21,v,21
畫棟雕梁,Naeb,0,n,4
畫為,VG1,3,v,3
畫起來,VB2,1,v,3
畫餅充饑,VA4,0,v,4
當機,"Nv4, VH11","0, 13","i, v","13, 2"
當舖,Ncb,7,n,7
當道,"Nab, VA4","2, 10","n, v","2, 10"
當選人,Nab,9,n,9
當選為,VG2,6,v,6
當關,"Nab, VA4","0, 3","n, v","2, 3"
疊蓆,Nab,0,n,2
疋頭,Naa,0,n,2
疏慵,VH11,0,i,2
疑兇,Nab,0,n,2
疑則勿用用則勿疑,VH11,0,i,8
疔瘡,Nad,1,n,2
疣贅,Nad,0,n,2
疲困,VH11,0,i,2
疽囊,Nab,0,n,2
疿,b,0,zg,1
痀,b,0,zg,1
痄,b,0,zg,1
病愈,VH11,0,i,2
病歿,VH11,0,i,2
痒,VH11,0,i,1
痒疹,Nad,0,n,2
痙孿,VH11,0,i,2
痛毀極詆,VA4,0,v,4
痧子,Nad,0,n,2
痲,b,0,zg,1
痲疹,Nad,0,n,2
痲痹,VH11,0,i,2
痲痺,VH11,2,i,2
痲瘋,Nad,4,n,4
痹,b,0,zg,1
瘃,b,0,zg,1
瘊,b,0,zg,1
瘌,b,0,zg,1
瘙疹,Nad,0,n,2
瘠土,Naa,1,n,2
瘠地,Nab,0,n,2
瘠田,Nab,0,n,2
瘡癤,Nad,3,n,3
瘥,b,0,zg,1
癒,b,0,zg,1
癒瘡,Nad,0,n,2
癡,VH21,14,i,14
癡人說夢,VH11,0,i,4
癡呆,VH11,2,i,2
癡呆症,Nad,4,n,4
癡心,VH11,5,i,5
癡心人,Nab,0,n,3
癡心妄想,VE2,0,v,4
癡心漢,Nab,0,n,3
癡情,"Nv4, VH21","0, 6","i, v","6, 2"
癡想,VE2,0,v,2
癡漢,Nab,0,n,2
癡狂,VH11,1,i,2
癡癡傻傻,VH11,0,i,4
癡笑,VA4,0,v,2
癡肥,VH11,0,i,2
癡迷,VI2,1,v,2
癡鈍,VH11,0,i,2
癥候,Nac,0,n,2
癥狀,Nac,1,n,2
登台,"Nv4, VA13","0, 15",v,17
發下來,VB2,4,v,4
發出來,VB2,0,v,3
發射台,Nab,11,n,11
發展下去,VH11,0,i,4
發展出來,VC31,34,v,34
發展心理學,Nad,0,n,5
發展為,VG1,16,v,16
發布,"Nv1, VE2","0, 45",v,47
發掘到,VE2,1,v,3
發揮出,VC31,7,v,7
發泄,VC31,3,v,3
發現到,VE2,35,v,35
發癡,VH11,0,i,2
發砲,VA4,1,v,2
發表出來,VB12,1,v,4
發表會,Nac,67,n,67
發蹟,VI2,0,v,2
發軔,VB11,3,v,3
發霉,VH11,6,i,6
白做,"VC31, VG2","3, 0",v,5
白墨,Nab,0,n,2
白干兒,Naa,0,n,3
白打,VC2,2,v,2
白晢,VH11,4,i,4
白潔,VH11,0,i,2
白煮,VC2,0,v,2
白癡,Nab,5,n,5
白練,VC2,0,v,2
白脫,VC31,1,v,2
白說,VC2,1,v,2
白賺,VC31,0,v,2
白露,Ndabd,0,t,2
白面,A,10,n,10
百善孝為先,VH11,0,i,5
皂靴,Nab,0,n,2
皎月,Nab,0,n,2
皎皎,A,0,n,2
皜,b,0,zg,1
皤皤,VH11,0,i,2
皮舟,Nab,0,n,2
皸,b,0,zg,1
盃,!Nab,0,n,1
盈盈的,A,0,n,3
盎格魯薩克遜,Nba,0,nr,6
盒子砲,Nab,0,n,3
盡人事聽天命,VA4,0,v,6
盡到,VJ1,18,v,18
盡可能,Dh,28,n,28
盡快,Dd,9,d,9
盡管,"Cbaa, Dh","22, 1","c, n","22, 2"
盡量,Dh,150,n,150
監察人,Nab,6,n,6
盤庚,Nba,0,nr,2
盤根錯結,VH11,2,i,4
盧江,Nca,0,ns,2
盪盪,VH11,4,i,4
直昇機,Nab,12,n,12
直昇飛機,Nab,0,n,4
直流發電機,Nab,0,n,5
直系親,Nab,0,n,3
直講,VA4,0,v,2
相並,Dh,0,n,2
相反地,Dk,27,l,27
相同於,VK2,0,v,3
相爺,Nab,5,n,5
相背,VA4,0,v,2
相黏,VA4,0,v,2
省下,VJ3,46,v,46
省下來,VI2,9,v,9
省主席,Nab,45,n,45
省改,A,0,n,2
省政,Nad,9,n,9
省時,VH11,10,i,10
眄睨,VC2,0,v,2
眇小,VH11,1,i,2
眇眇,VH11,0,i,2
看上來,Dbc,0,v,3
看下去,VA4,9,v,9
看不過,VE2,1,v,3
看出來,VE2,45,v,45
看台,Nab,13,n,13
看店,VA4,2,v,2
看得到,VJ1,0,v,3
看懂,VJ2,12,v,12
看醫生,VA4,15,v,15
眙,b,0,zg,1
真我,Nad,14,n,14
真摰,VH21,4,i,4
真蹟,Nab,0,n,2
真除,VG2,2,v,2
眩耀,"VC2, VH11","0, 0","i, v","2, 2"
眺望台,Ncb,1,n,3
眼中人,Nab,0,n,3
眼帘,Nab,0,n,2
眼看著,VE2,20,v,20
眼觀鼻鼻觀心,VA4,0,v,6
眾人皆醉我獨醒,VH11,0,i,7
眾所週知,VK1,10,v,10
睊,b,0,zg,1
睎,b,0,zg,1
睟,b,0,zg,1
睠,b,0,zg,1
睡眼矇矓,VH11,0,i,4
睩,b,0,zg,1
睽攜,VH11,0,i,2
瞇眼,VA4,0,v,2
瞎貓捉到死老鼠,VA4,0,v,7
瞜,b,0,zg,1
瞢昧,VH11,0,i,2
瞧縣,Nca,0,ns,2
瞭望台,Ncb,2,n,3
瞭解到,VK1,15,v,15
瞵盼,VJ2,0,v,2
瞽亂,VH11,0,i,2
瞽夫,Nab,0,n,2
瞽者,Nab,0,n,2
瞿塘,Nca,0,ns,2
矇矇,b,0,zg,2
知了,Nab,12,n,12
知其一不知其二,VH11,0,i,7
知其不可為而為之,VH11,0,i,8
知恥近乎勇,VH11,2,i,5
知識份子,Nab,0,n,4
知識階級,Nac,0,n,4
短期預付費用,Naeb,0,n,6
矮人,Nab,14,n,14
矱,b,0,zg,1
石佛,Nab,0,n,2
石埭,Nab,0,n,2
石墩,Nab,1,n,2
石弓,Nab,0,n,2
石文,Naeb,0,n,2
石油公司,Ncb,0,n,4
石油化學工業,Nac,0,n,6
石油輸出國家,Nac,0,n,6
石矽,Naa,0,n,2
石首魚,Nab,0,n,3
石鹼,Naa,0,n,2
砍下,VC31,8,v,8
砍去,VC31,4,v,4
研究出,VE2,10,v,10
研究出來,VE2,6,v,6
研究起來,VA4,0,v,4
砢,b,0,zg,1
砧砭,VC2,0,v,2
砰噹,Dh,0,n,2
砲仗,Nac,0,n,2
砲位,Nac,2,n,2
砲兵,Nab,6,n,6
砲兵部隊,Nab,0,n,4
砲兵陣地,Ncb,0,n,4
砲台,Nab,1,n,2
砲塔,Nab,1,n,2
砲座,Nab,0,n,2
砲彈,Nab,11,n,11
砲手,Nab,2,n,2
砲擊,"Nv1, VC2","0, 2",v,4
砲火,Naa,20,n,20
砲灰,Nab,4,n,4
砲聲,Nad,0,n,2
砲聲隆隆,VH11,4,i,4
砲臺,Nab,2,n,2
砲艇,Nab,0,n,2
砲衣,Nab,0,n,2
砲車,Nab,1,n,2
砲轟,"Nv1, VC2","0, 14",v,16
破相,VH11,3,i,3
砸下,VC31,0,v,2
砸了,VH11,2,i,2
硬來,VA4,0,v,2
硬給,VD1,0,v,2
硬說,VE2,4,v,4
确,b,0,zg,1
硯台,Nab,1,n,2
碇泊,VH14,0,v,2
碧山,Nab,0,n,2
碧江,Nab,0,n,2
碼表,Nab,1,n,2
磅礡,VH11,7,i,7
磋跎,VC2,1,v,2
磠,b,0,zg,1
磬折,VA4,0,v,2
磬聲,Nad,1,n,2
磯鳥,Nab,0,n,2
磯鷂,Nab,2,n,2
磽薄,VH11,0,i,2
社會問題,Nac,0,n,4
社會地位,Nac,0,n,4
社會心理,Nad,0,n,4
社會改革,Nad,0,n,4
社會改革者,Nab,0,n,5
社會新聞,Nac,0,n,4
社會現象,Nad,0,n,4
社會處,Ncb,7,n,7
祁寒,VH11,0,i,2
祆教,Nba,0,nr,2
祇好,Dbb,9,d,9
祇是,"Cbca, Dbb","9, 1","c, d","9, 2"
祇有,"Cbaa, Dbb, VJ3","0, 16, 2","c, d, v","2, 16, 2"
祇管,VE2,0,v,2
祇要,Cbaa,26,c,26
祐德,VA4,4,v,4
祖傳秘方,Nac,0,n,4
祖德,Nad,0,n,2
祖翁,Nab,0,n,2
祖考,Nab,0,n,2
祝典,Nac,0,n,2
祝巫,Nab,0,n,2
祝文,Nab,0,n,2
祝英台,Nba,22,nr,22
神台,Nab,0,n,2
神學生,Nab,0,n,3
神將,Nab,1,n,2
神恩,Nad,2,n,2
神祭,Nac,0,n,2
神秘,VH11,112,i,112
神秘性,Nad,2,n,3
神聖不可侵犯,VH11,0,i,6
神聖羅馬帝國,Nca,0,ns,6
神跡,Nad,0,n,2
神釆,Nad,0,n,2
神釆奕奕,VH11,0,i,4
神釆飛揚,VH11,0,i,4
神麴,Naa,0,n,2
祥麟,Nad,0,n,2
票匭,Nab,0,n,2
票據交換所,Ncb,0,n,5
祭日,Nad,3,n,3
禁煙,VH11,4,i,4
禁煙節,Ndabd,0,t,3
禎祥,Nac,0,n,2
福蔭,VC2,1,v,2
福薄,VH11,0,i,2
禠,b,0,zg,1
禪偈,Nab,0,n,2
禮多人不怪,VH11,0,i,5
禮樂射御書數,Naea,0,n,6
禮砲,Nab,0,n,2
禮節為治事之本,VH11,0,i,7
禮輕情意重,VH11,0,i,5
禾菽,Nab,0,n,2
禾,Nab,0,n,2
禿人,Nab,0,n,2
私欲,Nad,2,n,2
秋千,Nab,3,n,3
秋顏,A,0,n,2
种,Nbc,0,nr,1
科學方法,Nac,4,n,4
秘,b,0,zg,1
秘奧,Nad,0,n,2
秘密,"Nac, VH11","120, 15","i, n","15, 120"
秘方,Nac,22,n,22
秘書,Nab,203,n,203
秘書處,Ncb,13,n,13
秘書長,Nab,148,n,148
秘書黨,Nba,0,nr,3
秘笈,Nab,4,n,4
秘而不宣,VA4,1,v,4
秘要,Nad,0,n,2
秘訣,Nac,28,n,28
秘魯,Nca,10,ns,10
秣槽,Nab,0,n,2
秤薪而爨,VH11,0,i,4
秬,b,0,zg,1
稅捐稽征處,Ncb,0,n,5
稅捐稽徵處,Ncb,0,n,5
稍可,VH11,1,i,2
稔知,VJ1,0,v,2
種下,VC31,20,v,20
稱便,VH11,1,i,2
稱曰,VE2,0,v,2
稱羡,VA4,5,v,5
稱說,VE2,0,v,2
稱錢,VH11,0,i,2
稽征,"Nv1, VD2","0, 1",v,4
稽覈,VC2,0,v,2
稽顙,VA4,0,v,2
穀道,Nab,0,n,2
穀雨,Ndabd,0,t,2
穆穆,VH11,0,i,2
積極份子,Nab,0,n,4
穡人,Nab,0,n,2
穡夫,Nab,0,n,2
穢褻,VH11,0,i,2
穩定住,VH16,0,v,3
穫,b,0,zg,1
空對地飛彈,Nab,0,n,5
空對空飛彈,Nab,0,n,5
空有,VJ1,8,v,8
空無,VJ1,8,v,8
空等,VH11,0,i,2
空說,Nad,0,n,2
空谷回音,Nad,0,n,4
空軍機械學校,Nca,0,ns,6
空軍軍官學校,Nca,0,ns,6
空軍通信電子學校,Nca,0,ns,8
穿上,VC31,80,v,80
穿好,VC2,14,v,14
窅,b,0,zg,1
窒欲,VA4,0,v,2
窕邃,VH11,0,i,2
窗台,Nab,12,n,12
窗帘,Nab,8,n,8
窗檯,Nab,2,n,2
窘匱,VH11,0,i,2
窳劣,VH11,1,i,2
窳敗,VH11,0,i,2
窳民,Nab,0,n,2
窳陋,VH11,0,i,2
窸窣,Dh,0,n,2
窺覬,VC2,0,v,2
竇憲,Nba,1,nr,2
竊听,VA4,0,v,2
立夏,Ndabd,0,t,2
立春,Ndabd,0,t,2
立秋,Ndabd,0,t,2
立說,VA4,0,v,2
立雪,Ndabd,0,t,2
站出來,VA11,26,v,26
站台,Nab,2,n,2
站直,VA12,1,v,2
站起來,VA11,106,v,106
站開,VA12,2,v,2
竟陵派,Naea,0,n,3
章帝,Nba,0,nr,2
竦懼,VH21,0,i,2
竦立,VH14,0,v,2
端由,Nad,0,n,2
笑出,VC31,1,v,2
笑出來,VA4,3,v,3
笑眼,Nab,0,n,2
笑瞇瞇,VA4,4,v,4
笑起來,VA4,3,v,3
笙歌不輟,VH11,0,i,4
笞刑,Nad,0,n,2
笳鼓,Nab,0,n,2
笻,b,0,zg,1
筆杆,Nab,0,n,2
等一下,"Dd, VA4","0, 0","d, v","3, 3"
等一會,"Dd, VA4","4, 0","d, v","4, 3"
等一會兒,"Dd, VA4","0, 0","d, v","4, 4"
等上,VC2,3,v,3
等侯,VC2,1,v,2
等分,Nac,0,n,2
等差,A,3,n,3
等比,A,2,n,2
等第,Nac,1,n,2
等號,Nac,25,n,25
等角,Nac,0,n,2
等角三角形,Nac,0,n,5
等身,VH11,1,i,2
等輩,VH11,0,i,2
等速度,Nad,0,n,3
等邊,VH11,1,i,2
等邊三角形,Nac,0,n,5
等高,VH11,3,i,3
筑,b,0,zg,1
答復,VE12,0,v,2
筥,b,0,zg,1
筧橋,Nca,1,ns,2
筮書,Nab,1,n,2
筮法,Nad,1,n,2
箋注,Nac,0,n,2
箕斂,VC31,0,v,2
箕踞,VA12,0,v,2
算上,VC2,4,v,4
算不了什麼,VH11,0,i,5
算做,VG1,4,v,4
算帳,"VA4, VB11","14, 0",v,16
算得了什麼,VH11,0,i,5
算起來,Dbc,12,v,12
管不了那麼多,VA4,0,v,6
管弦,A,24,n,24
管弦樂,Nad,2,n,3
管理人,Nab,15,n,15
管理學院,Ncb,0,n,4
管理師,Nab,0,n,3
管笛,Naeb,0,n,2
管賬的,Nab,0,n,3
管鮑,Naea,0,n,2
箱篋,Ncb,0,n,2
箴砭,Nad,0,n,2
箴誡,VC2,0,v,2
箴諫,VC2,0,v,2
篆籀,Nad,0,n,2
篡弒,VC2,0,v,2
簆,b,0,zg,1
簠簋,Nab,0,n,2
簷下,Ncc,0,n,2
簷前,Ncc,0,n,2
簷宇,Nab,0,n,2
簷柱,Nab,0,n,2
簷角,Ncc,0,n,2
簷頭,Ncc,0,n,2
籀文,Nac,0,n,2
籀書,Nad,0,n,2
籀篆,Nad,0,n,2
籌畫,"Nv1, VC2","0, 11",v,13
籐,Nab,8,n,8
籥,Nab,0,n,1
籩豆,Nab,0,n,2
米舖,Nab,1,n,2
米蝦,Nab,0,n,2
米開蘭基羅,Nba,5,nr,5
米雪,"Naa, Nba","0, 0","n, nr","2, 2"
米食,Naeb,13,n,13
粗鹵,VH11,0,i,2
粟倉,Ncb,0,n,2
粥餳,Naa,0,n,2
粵江三角洲,Nca,0,ns,5
精一,VH11,0,i,2
精神教育,Nad,0,n,4
精神生活,Nad,0,n,4
精神病學家,Nab,0,n,5
精覈,VH11,0,i,2
精鍊,VC2,5,v,5
糊口,VH11,6,i,6
糒,b,0,zg,1
糗事,Nac,7,n,7
糞污,Naa,0,n,2
糢,b,0,zg,1
糧涸,VH11,0,i,2
糰,b,0,zg,1
糴米,VA4,0,v,2
系數,Nac,0,n,2
紀傳,VB11,0,v,2
約分,VB11,1,v,2
約同,VF2,0,v,2
約翰尼斯堡,Nca,4,ns,5
紅中,Naa,0,n,2
紅檜,Nab,6,n,6
紅河三角洲,Nca,1,ns,5
紅玉,Naa,0,n,2
紅雨,Naa,0,n,2
紅,VH11,0,i,2
紊淆,VH11,0,i,2
納吉,VA4,1,v,2
納寵,VA4,0,v,2
納釆,VA4,0,v,2
紐扣,Nab,1,n,2
紐釦,Nab,0,n,2
紖,b,0,zg,1
紙煙,"Naa, Nab","0, 0",n,4
素麵,Naa,0,n,2
紡織公司,Nab,0,n,4
索居,VA12,0,v,2
索閱,VC2,3,v,3
紫籐,Nab,0,n,2
紫薑,Nab,0,n,2
紫黯,VH11,0,i,2
紮下,VC33,1,v,2
累日,Dd,0,d,2
累月,Dd,4,d,4
細綾,Naa,0,n,2
紾,b,0,zg,1
組織家,Nab,0,n,3
組織起來,VB2,0,v,4
絅,b,0,zg,1
結婚紀念日,Nac,0,n,5
結秦晉之好,VA4,0,v,5
絓,b,0,zg,1
絕緣台,Nab,0,n,3
絢爛歸於平淡,VH11,0,i,6
給以,VC31,4,v,4
給假,VA4,0,v,2
給糧,Naeb,0,n,2
給足,VC31,0,v,2
絮絮不休,VH11,0,i,4
絰,b,0,zg,1
統計起來,VR,0,l,4
綁上,VC33,7,v,7
綑住,VC2,1,v,2
綑吊,VC2,0,v,2
綑好,VC2,0,v,2
綑紮,VC2,0,v,2
綑綁,VC2,8,v,8
綑緊,VC2,0,v,2
綑縛,VC2,0,v,2
綑起來,VB12,0,v,3
經國先生遺囑,Nac,0,n,6
經年,Dd,15,d,15
經建,Nac,13,n,13
經濟人,Nab,3,n,3
經濟化,VH16,1,v,3
經濟學者,Nab,0,n,4
經濟專科學校,Ncb,0,n,6
經濟建設委員會,Ncb,0,n,7
經濟計劃,Nac,0,n,4
經驗到,VK1,8,v,8
綜合所得稅,Naeb,1,n,5
綜合藝術,Nad,0,n,4
綜合醫院,Ncb,0,n,4
綜合雜誌,Nab,0,n,4
維也納盆地,Nca,0,ns,5
維幾尼亞州,Nca,0,ns,5
維琴尼亞州,Nca,0,ns,5
綰轂,VC1,0,v,2
綰髮,VA4,0,v,2
綰髻,VA4,0,v,2
綱紀廢弛,VH11,0,i,4
綵排,VA4,2,v,2
綿邈,VH11,0,i,2
緇黃,Naeb,0,n,2
緊張起來,VR,0,l,4
線上,Ncc,84,n,84
緧,b,0,zg,1
編製,"Nv1, VC31","0, 10",v,12
緹縈,Nba,2,nr,2
緻,b,0,zg,1
縑帛,Naa,0,n,2
縗,b,0,zg,1
縛上,VC33,0,v,2
縱慾無度,VH11,0,i,4
總匯,Nad,2,n,2
總平均,Nad,2,n,3
總機關,Nab,0,n,3
總辦,Nab,1,n,2
繁鉅,VH11,0,i,2
繇役,Nad,0,n,2
繫,VC33,48,v,48
繫於,VJ1,8,v,8
繼往聖之絕學,VA4,0,v,6
繼續不斷,VH11,20,i,20
繼續性,Nad,0,n,3
纆,b,0,zg,1
續弦,VA4,0,v,2
纍,b,0,zg,1
纑,b,0,zg,1
纔,Daa,0,d,1
纖維蛋白原,Naa,0,n,5
缽,Nab,7,n,7
缽盂,Nab,0,n,2
缽衣,Nab,0,n,2
罃,b,0,zg,1
罏,b,0,zg,1
网,b,0,zg,1
罕物,Nab,1,n,2
罩上,VC33,4,v,4
置閏,VA4,0,v,2
罰鍰,Naeb,21,n,21
罳,b,0,zg,1
罵走,VC2,0,v,2
罺,b,0,zg,1
羅帷,Nab,0,n,2
羅裙,Nab,0,n,2
羅馬不是一天造成,VH11,0,i,8
羅馬人,Nab,13,n,13
羇,b,0,zg,1
羊年,Ndaba,0,t,2
羊角虱,Nab,0,n,3
美人,Nab,40,n,40
美利堅共和國,Nca,0,ns,6
美國人,Nab,146,n,146
美才,Nad,0,n,2
美艷,VH11,4,i,4
美艷絕倫,VH11,0,i,4
羞怍,VH21,0,i,2
羡慕,VJ2,18,v,18
羢,b,0,zg,1
群芳爭艷,VH11,0,i,4
義塚,Ncb,0,n,2
義大利半島,Nca,0,ns,5
義大利王國,Nca,0,ns,5
羭,b,0,zg,1
羸憊,VH11,0,i,2
羼假,VA4,0,v,2
羼水,VA4,0,v,2
羼雜,VC33,1,v,2
羽檄,Nab,0,n,2
翁姑,Naeb,0,n,2
翠華,Nab,0,n,2
翦落,VC31,0,v,2
翫,b,0,zg,1
翳障,Nad,0,n,2
翻觔斗,VA4,2,v,3
老來,Dd,7,d,7
老兄弟,"Nab, Naeb","1, 0",n,6
老兒子,Nab,0,n,3
老到,VH11,7,i,7
老劉,Nba,15,nr,15
老去,VH11,13,i,13
老吾老以及人之老,VH11,0,i,8
老大徒傷悲,VH21,0,i,5
老娘,Nhac,8,n,8
老實說,Dk,47,l,47
老是,Dd,119,d,119
老板,Nab,82,n,82
老板娘,Nab,5,n,5
老狗,Nab,2,n,2
老現象,Nac,0,n,3
老米,Nab,0,n,2
老耄,VH11,0,i,2
老舊,VH11,69,i,69
老饕,Nab,7,n,7
考妣,Naea,3,n,3
考完,VC2,22,v,22
考慮到,VE2,122,v,122
考覈,VC2,0,v,2
耆碩,Nab,0,n,2
耐冬,Nab,0,n,2
耒耨,Naeb,0,n,2
耕者有其田,V_2,0,v,5
耕耨,Nad,0,n,2
耞,b,0,zg,1
聊齋誌異,Nba,0,nr,4
聒絮,VH11,0,i,2
聒聒,Dh,0,n,2
聖地牙哥城,Nca,0,ns,5
聖杯,Nab,2,n,2
聖母瑪利亞,Nba,0,nr,5
聖火台,Nab,0,n,3
聖約翰學院,Nca,0,ns,5
聞得,VE2,0,v,2
聞道,VA4,18,v,18
聯想到,VE2,48,v,48
聯立方程式,Nac,0,n,5
聯立方程組,Nac,0,n,5
聯系,VC2,5,v,5
聱,b,0,zg,1
職業介紹所,Ncb,0,n,5
職業學校,Ncb,0,n,4
職業教育,Nad,0,n,4
聽下去,VA4,2,v,3
聽便,VE2,0,v,2
聽做,VG1,0,v,2
聽出來,VE2,2,v,3
聽得,VE2,58,v,58
聽起來,Dbc,78,v,78
聾聵,VH11,0,i,2
肉包子打狗,VA4,0,v,5
肉粽,Nab,2,n,2
肉舖,Ncb,0,n,2
肖似,VJ1,3,v,3
股份有限公司,Ncb,0,n,6
股東會議,Nac,0,n,4
肴,b,0,zg,1
肴饌,Naa,1,n,2
背出來,VB12,0,v,3
背包,Nab,27,n,27
背帶,Nab,3,n,3
背負,VC2,42,v,42
背起來,VB12,0,v,3
胔,b,0,zg,1
胕,b,0,zg,1
胞子,Nab,0,n,2
胡同,Nab,4,n,4
胡桐,Nab,0,n,2
胡梯,Nab,0,n,2
胡虜,Nba,0,nr,2
胡髭,Naa,0,n,2
胸肋膜,Naa,0,n,3
能仁,VH11,0,i,2
能量不滅定律,Nac,0,n,6
脊梁,Nab,0,n,2
脊梁背,Nab,0,n,3
脊梁骨,Nab,0,n,3
脤,b,0,zg,1
脩脯,Nac,0,n,2
脫韁野馬,Nab,1,n,4
脯醢,Naeb,0,n,2
脰,b,0,zg,1
脺,Nab,0,n,1
脺臟,Nab,0,n,2
腆顏,VH11,0,i,2
腆默,VH11,0,i,2
腊,Naa,0,n,1
腌,b,0,zg,1
腑臟,Naea,0,n,2
腥污,Nad,0,n,2
腦後,Ncc,0,n,2
腫腫的,VH11,0,i,3
腰胯,Ncb,0,n,2
腰酸背疼,VH11,0,i,4
腰酸背痛,VH11,3,i,4
腳夫,Nab,0,n,2
腳踏兩條船,VH11,0,i,5
膃,b,0,zg,1
膠卷,Nab,2,n,2
膣,b,0,zg,1
膫,b,0,zg,1
膾脯,Naeb,0,n,2
臕,Naa,0,n,1
臝,b,0,zg,1
臟,b,0,zg,1
臣下,Nhac,5,n,5
臥舖,Nab,1,n,2
臥薪嘗膽,VA4,2,v,4
臨了,Dd,0,d,2
臨時抱佛腳,VH11,0,i,5
臨陣磨鎗,VA4,0,v,4
自來水龍頭,Nab,0,n,5
自剄,VA4,0,v,2
自多,VH21,0,i,2
自己人,Nab,24,n,24
自強運動,Nac,0,n,4
自慊,VH21,0,i,2
自戕,VA4,4,v,4
自掃門前雪,VA4,4,v,5
自歎不如,VH21,1,i,4
自歎弗如,VH21,0,i,4
自然水,Naa,0,n,3
自由地區,Ncb,0,n,4
自由市,Ncb,0,n,3
自由日,Ndabd,0,t,3
自製,"Nv1, VC31","0, 42",v,44
自高,VH11,0,i,2
至人,Nab,0,n,2
至公,VH11,0,i,2
至善,Nad,12,n,12
至大,VH11,4,i,4
至心,Nad,0,n,2
至急,VH11,0,i,2
至性,b,0,zg,2
至情,Nad,2,n,2
至意,Nad,0,n,2
至日,Ndabd,0,t,2
至當,VH11,0,i,2
至言,Nac,0,n,2
至論,Nad,0,n,2
至高,VH11,5,i,5
致理商業專科學校,Nca,0,ns,8
臺中師範學院,Nca,0,ns,6
臺北工業專科學校,Nca,0,ns,8
臺北市立師範學校,Nca,0,ns,8
臺北師範學院,Nca,0,ns,6
臺北護理專科學校,Nca,0,ns,8
臺北醫學院,Nca,0,ns,5
臺南師範學院,Nca,0,ns,6
臺東師範學院,Nca,0,ns,6
臺灣光復節,Ndabd,0,t,5
臺灣大學附屬醫學院,Nca,0,ns,9
臺灣工業技術學院,Nca,0,ns,8
臺灣師範大學,Nca,0,ns,6
臺灣教育學院,Nca,0,ns,6
臺灣汽車客運公司,Nca,0,ns,8
臺灣海洋學院,Nca,0,ns,6
臺灣療養院,Nca,0,ns,5
臺灣省政府,Nca,0,ns,5
臺灣省議會,Nca,0,ns,5
臺灣神學院,Nca,0,ns,5
臺灣糖業公司,Nca,0,ns,6
臺灣肥料公司,Nca,0,ns,6
臺灣航業公司,Nca,0,ns,6
臺灣藝術專科學校,Nca,0,ns,8
臺灣電力公司,Nca,0,ns,6
臺灣電視公司,Nca,0,ns,6
臺球,Nad,0,n,2
臺面,Ncc,0,n,2
臼砲,Nab,0,n,2
舂穀,VA4,0,v,2
舂米,VA4,2,v,2
與共,b,0,zg,2
與格,Nad,0,n,2
與聞,VC2,1,v,2
與賽,VA4,8,v,8
興歎,VA4,2,v,2
興緻,Nad,3,n,3
興緻勃勃,VH21,1,i,4
興高釆烈,VH21,0,i,4
舊好,Nab,0,n,2
舊市,Ncb,2,n,2
舊帳,Naeb,5,n,5
舊庄,Nca,2,ns,2
舊著,Nab,0,n,2
舌上,Ncc,0,n,2
舌劍唇槍,VH11,0,i,4
舌劍脣鎗,VH11,0,i,4
舍姪,Nhac,0,n,2
舍我其誰,VH11,1,i,4
舖下,VC31,1,v,2
舖位,Nab,0,n,2
舖平,VB12,0,v,2
舖張,VH11,1,i,2
舖成,VG1,1,v,2
舖排,VC2,0,v,2
舖蓋,"Nab, VC33","1, 2","n, v","2, 2"
舖設,"Nv1, VC33","0, 26",v,28
舝,b,0,zg,1
舞台,Nab,222,n,222
舞台劇,Nac,29,n,29
舠,Nab,0,n,1
舡魚,Nab,0,n,2
舢,b,0,zg,1
舢舨,Nab,3,n,3
航空暨太空總署,Nca,0,ns,7
舫舟,Nab,0,n,2
舫船,Nab,0,n,2
舫艇,Naeb,0,n,2
船到橋頭自然直,VH11,0,i,7
船夫,Nab,12,n,12
船艄,Ncb,0,n,2
艋舺,Nca,9,ns,9
艗,b,0,zg,1
艣,Nab,0,n,1
艦上,Ncc,0,n,2
艦砲,Nab,0,n,2
良禽擇木而棲,VH11,0,i,6
良窳,Nad,8,n,8
艱巨,VH11,9,i,9
色不迷人人自迷,VH11,0,i,7
艴,b,0,zg,1
艴然,VH11,0,i,2
艷,VH11,9,i,9
艷事,Nac,0,n,2
艷史,Nac,0,n,2
艷姿,Nad,0,n,2
艷歌,Nac,0,n,2
艷福,Nad,0,n,2
艷福不淺,VH11,0,i,4
艷稱,VJ2,0,v,2
艷羨,VJ2,0,v,2
艷舞,Nac,1,n,2
艷色,Nad,0,n,2
艷詩,Nac,0,n,2
艷陽,Nab,3,n,3
艷陽天,Ndabd,0,t,3
艷麗,"Nv4, VH11","0, 18","i, v","18, 2"
艾酒,Nad,0,n,2
芃,b,0,zg,1
芎林,Nca,16,ns,16
芐,b,0,zg,1
芬郁,VH11,0,i,2
花上,VC31,31,v,31
花信,Nad,0,n,2
花到,VC31,0,v,2
花去,VC31,2,v,2
花岡岩,Naa,1,n,3
花彫,Naa,0,n,2
花彫酒,Naa,0,n,3
花狗,Nab,1,n,2
花癡,Nab,0,n,2
花砲,Nab,0,n,2
花稍,VH11,2,i,2
花箋,Nab,0,n,2
花腔女高音,"Nab, Nad","0, 0",n,10
花蓮師範學院,Nca,0,ns,6
花藥,Naa,0,n,2
花銀,Nca,0,ns,2
花鎗,Nab,0,n,2
花顏,Nad,0,n,2
苒苒,VH11,0,i,2
苗嶺,Nca,0,ns,2
苗疆,Nca,0,ns,2
苙,b,0,zg,1
苦裏,"VH11, VH21","0, 0",i,4
英人,Nab,4,n,4
英偉,VH11,0,i,2
英吋,Nfg,6,q,6
英呎,Nfg,12,q,12
英挺,VH11,2,i,2
英雄難過美人關,VH11,0,i,7
苹,b,0,zg,1
茀,b,0,zg,1
范,Nbc,19,nr,19
茅蓬,Nab,0,n,2
茗具,Naeb,0,n,2
茢,b,0,zg,1
茧,b,0,zg,1
荄,b,0,zg,1
草檄,VA4,0,v,2
荊婦,Nab,0,n,2
荊蠻,Naea,0,n,2
荐任,Nad,0,n,2
荒塚,Nab,0,n,2
荳,b,0,zg,1
荳蔻,Nab,0,n,2
荳蔻年華,Nad,0,n,4
荷鎗實彈,VA4,0,v,4
荸,b,0,zg,1
荻筆,Nab,0,n,2
荻花,Nab,0,n,2
荼毗,VC2,0,v,2
莏,b,0,zg,1
莒光號,Nab,0,n,3
莒拳,Nad,0,n,2
莫耳,Nfg,5,q,5
莫說,VE2,3,v,3
菅茅,Naea,0,n,2
菎,b,0,zg,1
菕,Naa,0,n,1
菜根譚,Nba,0,nr,3
菜肴,Naa,8,n,8
菤,b,0,zg,1
華夏工業專科學校,Nca,0,ns,8
華岡藝術學校,Nca,0,ns,6
華年,Nad,0,n,2
華德,Nba,5,nr,5
華榮,Nba,0,nr,2
華殿,Nab,0,n,2
華氏寒暑表,Nac,0,n,5
華燭,Nab,0,n,2
華聲,Nba,1,nr,2
華齡,Nad,0,n,2
菰米,Naa,0,n,2
菲律賓海溝,Nca,0,ns,5
菲律賓群島,Nca,1,ns,5
菶,b,0,zg,1
菸酒公賣局,Nca,0,ns,5
萋萋,VH11,4,i,4
萬劫,b,0,zg,2
萬壽,b,0,zg,2
萬姓,A,0,n,2
萬惡淫為首,VH11,0,i,5
萬有,b,0,zg,2
萬有引力定律,Nac,0,n,6
萬無,b,0,zg,2
萬用,A,2,n,2
萬綠叢中一點紅,VH11,0,i,7
萬言,Naea,1,n,2
萬鈞,VH11,0,i,2
萭,b,0,zg,1
萹,b,0,zg,1
落在,VC1,69,v,69
落月,Nab,0,n,2
葉尖,Nab,1,n,2
葉樹,Nab,0,n,2
葒,b,0,zg,1
著作物,Nab,26,n,26
著衣,VA4,0,v,2
葠,b,0,zg,1
葯,Nab,0,n,1
蒙古地方,Nca,0,ns,4
蒙在鼓裡,VB11,3,v,4
蒙昧,VH11,4,i,4
蒙昧無知,VH11,1,i,4
蒙混,VF1,0,v,2
蒙蔽,VC2,12,v,12
蒙藏委員會,Nca,0,ns,5
蒙騙,VC2,2,v,2
蒡,b,0,zg,1
蒺,b,0,zg,1
蓆,Nab,4,n,4
蓆子,Nab,4,n,4
蓋上,"VC2, VC31","16, 0",v,18
蓋仙,Nab,1,n,2
蓋好,"VC2, VC31","19, 0",v,21
蓋平,VB12,0,v,2
蓋瑞,Nba,0,nr,2
蓋頂,b,0,zg,2
蓬髮,Naa,0,n,2
蓮台,Nab,0,n,2
蓷,b,0,zg,1
蓼莪,Nba,0,nr,2
蓼蓼,VH11,0,i,2
蔊,b,0,zg,1
蔞蒿,Nab,0,n,2
蔡邕,Nba,0,nr,2
蔣公,Nba,73,nr,73
蔤,Nab,0,n,1
蔧,b,0,zg,1
蕆,b,0,zg,1
蕊心,Nab,0,n,2
蕊柱,Nab,0,n,2
蕗,b,0,zg,1
蕘,b,0,zg,1
蕡,Nab,0,n,1
蕣,b,0,zg,1
蕩滌,VC2,0,v,2
蕩漾,VH11,3,i,3
蕩漾出,VC31,0,v,3
蕩舟,VA4,0,v,2
蕩船,VA4,1,v,2
蕩蕩悠悠,VH11,0,i,4
蕭何,Nba,3,nr,3
蕭薔,Nba,0,nr,2
蕸,b,0,zg,1
薀,b,0,zg,1
薄祚,Nad,0,n,2
薐,b,0,zg,1
薩了尼亞王國,Nca,0,ns,6
薩伊,Nca,2,ns,2
藏人,Nab,2,n,2
藏污納垢,VH11,2,i,4
藏起來,VB2,1,v,3
藏鋒,VH11,0,i,2
藐藐,VH11,1,i,2
藜科,Nad,0,n,2
藝術學院,Ncb,0,n,4
藝術專科學校,Ncb,0,n,6
藝術者,Nab,0,n,3
藟,b,0,zg,1
藥學專科學校,Ncb,0,n,6
藾,b,0,zg,1
蘆席,Nab,0,n,2
蘆溝橋事變,Nad,0,n,5
蘇維埃聯邦,Nca,0,ns,5
蘇醒劑,Naa,0,n,3
蘭房,Nab,0,n,2
蘭桂,Naeb,0,n,2
蘭芷,Naeb,1,n,2
蘭麝,Naa,0,n,2
蘸濕,VC2,0,v,2
蘹,b,0,zg,1
蘺,b,0,zg,1
虆,b,0,zg,1
虎父無犬子,VH11,0,i,5
虎落平陽被犬欺,VH11,0,i,7
虖,b,0,zg,1
虞姬,Nba,0,nr,2
虞犯,Nab,0,n,2
號外,Nab,2,n,2
號為,VG2,0,v,2
號燈,Nab,0,n,2
虫,Nab,2,n,2
虫兒,Nab,0,n,2
虫子,Nab,1,n,2
虫體,Nab,0,n,2
虱,b,0,zg,1
虱子,Nab,1,n,2
虱目魚,Nab,1,n,3
蚊蚋,Naeb,0,n,2
蚝,Nab,0,n,1
蚿,b,0,zg,1
蛇年,Ndaba,0,t,2
蛇無頭不行,VH11,0,i,5
蛋捲,Nab,1,n,2
蜑,b,0,zg,1
蜞,b,0,zg,1
蜡,b,0,zg,1
蜩螗,Nab,0,n,2
蝂,b,0,zg,1
蝍,Nab,0,n,1
蝎,Nab,0,n,1
蝓,b,0,zg,1
蝘,b,0,zg,1
蝜,b,0,zg,1
蝟毛,Nab,0,n,2
蝥,b,0,zg,1
蝨蠅,Nab,0,n,2
螃蜞,Nab,0,n,2
螣,b,0,zg,1
螬,b,0,zg,1
螮,b,0,zg,1
螻蟻尚且偷生,VH11,0,i,6
蟅,Nab,0,n,1
蟠據,VC1,0,v,2
蟠曲,VH11,0,i,2
蟠踞,VC1,0,v,2
蟥,b,0,zg,1
蟹螯,Nab,0,n,2
蟻塚,Nab,0,n,2
蠜,b,0,zg,1
蠟燭台,Nab,0,n,3
蠣奴,Nab,0,n,2
蠣粉,Naa,0,n,2
蠨,b,0,zg,1
蠶蔟,Nab,0,n,2
蠸,b,0,zg,1
蠻狄,Nab,0,n,2
血污,Nac,4,n,4
血統證明書,Nab,0,n,5
衊,b,0,zg,1
行不改姓坐不改名,VH11,0,i,8
行人穿越道,Nab,0,n,5
行人道,Nab,0,n,3
行兇,VA4,4,v,4
行善不欲人知,VH11,0,i,6
行好,VA4,0,v,2
行寬,Nad,0,n,2
行尸走肉,Naea,0,n,4
行憲紀念日,Ndabd,0,t,5
行政學,Nad,0,n,3
行政機關,Ncb,0,n,4
行政法規,Nac,0,n,4
行義童子軍,Nab,0,n,5
行遠必自邇,VH11,1,i,5
行都,Ncb,0,n,2
衚,b,0,zg,1
衛青,Nba,2,nr,2
衝剋,VC2,0,v,2
衝決,VC2,0,v,2
衝鋒鎗,Nab,0,n,3
衡宇,Nab,0,n,2
衣缽,Nad,5,n,5
衣缽傳人,Nab,0,n,4
表姪,Nab,0,n,2
表現出,VC31,97,v,97
表現出來,VB2,70,v,70
表示出,VE2,7,v,7
表示出來,VB12,2,v,4
表達出,VE2,14,v,14
衰年,Nad,0,n,2
衰疲,VH11,1,i,2
衹,b,0,zg,1
衿帶,Nab,0,n,2
衿袍,Nab,0,n,2
袁術,Nba,3,nr,3
袒裼裸裎,VH11,0,i,4
袖扣,Nab,0,n,2
被甲,Nab,0,n,2
被肩,Nab,0,n,2
被髮,VH11,0,i,2
被髮左衽,VH11,0,i,4
袺,b,0,zg,1
袽,b,0,zg,1
裂罅,Nab,0,n,2
裊裊,Dh,0,n,2
裌,b,0,zg,1
裒輯,VC31,0,v,2
裔冑,Naea,0,n,2
補注,VB11,1,v,2
補還,VD1,0,v,2
補靪,Nab,0,n,2
裝出來,VB12,3,v,3
裝起來,VB12,2,v,3
裡布,Naa,1,n,2
裡衣,Nab,1,n,2
裸裎,VH11,10,i,10
裹上,VC31,1,v,2
裹尸,VA4,0,v,2
製,"!A, VC31","0, 76","a, v","1, 76"
製作人,Nab,53,n,53
製造出,VC31,15,v,15
製造出來,VB2,16,v,16
製造成,VG1,0,v,3
褓姆,Nab,3,n,3
褓母,Nab,0,n,2
褕,b,0,zg,1
褧,b,0,zg,1
褼,b,0,zg,1
襁,b,0,zg,1
襖兒,Nab,0,n,2
襖褲,Nab,0,n,2
襚,b,0,zg,1
襭,b,0,zg,1
襮,b,0,zg,1
襶,b,0,zg,1
西伯利亞平原,Nab,0,n,6
西印度群島,Nca,0,ns,5
西印度聯邦,Nca,0,ns,5
西哲,Nab,0,n,2
西域人,Nab,0,n,3
西崑體,Nad,0,n,3
西方國家,Nac,0,n,4
西方極樂世界,Ncb,0,n,6
西曬,VH11,1,i,2
西書,Nab,0,n,2
西洋人,Nab,7,n,7
西王母娘娘,Nba,0,nr,5
西羅馬帝國,Nca,0,ns,5
西藏人,Nab,4,n,4
要不,Cbca,33,c,33
要事,Nad,3,n,3
要人,Nab,6,n,6
要口,Ncb,0,n,2
要地,Ncb,4,n,4
要好,VH11,26,i,26
要帳,VA4,0,v,2
要得,VH11,0,i,2
要政,Nac,0,n,2
要港,Ncb,0,n,2
要目,Nab,0,n,2
要街,Ncb,1,n,2
要角,Nab,19,n,19
要言,Nac,0,n,2
要路,Nac,0,n,2
要項,Nac,16,n,16
要飯的,Nab,1,n,3
覆巢之下無完卵,VH11,0,i,7
覆試,VA4,0,v,2
覈,b,0,zg,1
覈實,VH11,0,i,2
見告,VB11,0,v,2
見地,Nad,8,n,8
見客,VA4,4,v,4
見愛,VI3,0,v,2
見機,b,0,zg,2
見罪,VB11,0,v,2
見背,VH11,0,i,2
規定出來,VB2,0,v,4
視事,VA4,3,v,3
覘候,VC2,0,v,2
親兄弟明算帳,VA4,0,v,6
親娘,Nab,2,n,2
親愛的,Nhac,17,n,17
親賢人遠小人,VA4,0,v,6
覶,b,0,zg,1
覿面,b,0,zg,2
觀世音大士,Nba,0,nr,5
觀世音菩薩,Nba,0,nr,5
觀台,Ncb,0,n,2
觀察到,VE2,39,v,39
觀望台,Ncb,0,n,3
觀眾台,Ncb,0,n,3
觔斗,Nab,3,n,3
觔斗雲,Naa,0,n,3
觕,b,0,zg,1
觖,b,0,zg,1
解釋做,VG1,0,v,3
解雇,"Nv1, VB12","0, 12",v,14
觱,b,0,zg,1
觱沸,VH11,0,i,2
觿,b,0,zg,1
言下,Ncc,11,n,11
言外,b,0,zg,2
計劃圖,Nac,7,n,7
計畫,"Nac, VF1","1730, 167","n, v","1730, 167"
計算出,VE2,18,v,18
計算機中心,Nca,0,ns,5
討論到,VE2,14,v,14
訐直,VH11,0,i,2
訓練出來,VB12,11,v,11
訓練所,Ncb,5,n,5
訖了,VH11,0,i,2
訖點,Nac,0,n,2
託大,VH11,0,i,2
託疾,Dh,0,n,2
記者招待會,Nac,0,n,5
訛舛,Nac,0,n,2
訪人,"Nab, VA4","0, 0","n, v","2, 2"
設或,Cbba,0,c,2
設計家,Nab,9,n,9
許是,Dbaa,0,d,2
訶斥,VC2,0,v,2
訶詰,VC2,0,v,2
訶護,VC31,0,v,2
訶責,VC2,0,v,2
訶難,VC2,0,v,2
註,Nac,273,n,273
証,"!Nab, VE2","0, 0","n, v","1, 1"
証實,VE2,13,v,13
証明,"Nab, VE2","6, 35","n, v","6, 35"
訾病,VA4,0,v,2
詆毀,"Nv1, VC2","0, 5",v,7
詎料,Dk,14,l,14
詖,b,0,zg,1
詠嘆,VE2,1,v,2
詩才,Nad,0,n,2
詩讖,Nac,0,n,2
誌,b,0,zg,1
認了,VH21,6,i,6
認識到,VK1,30,v,30
語匯,Nad,1,n,2
誣蔑,VC2,1,v,2
誣詆,VC2,0,v,2
誤盡天下蒼生,VA4,0,v,6
說上,VC2,0,v,2
說不了,VC2,0,v,3
說不過,VC2,1,v,3
說出來,VB12,65,v,65
說到,VE2,135,v,135
說和,VC2,0,v,2
說成,VG1,20,v,20
說戲,VA4,1,v,2
說教術,Nad,0,n,3
說文,Nba,4,nr,4
說明力,Nad,0,n,3
說時慢那時快,VH11,0,i,6
說清楚,VC2,0,v,3
說溜了嘴,VB12,0,v,4
說理文,Nac,0,n,3
說笑,VA4,19,v,19
說經,Nab,0,n,2
說親,VA4,3,v,3
說起來,Dbc,61,v,61
說通,VC2,1,v,2
說開,VB12,0,v,2
說項,VA4,0,v,2
誰人,Nhb,20,r,20
誰言寸草心報得三春暉,VH11,0,i,10
課外活動組,Ncb,0,n,5
課征,"Nv1, VC31","0, 1",v,4
誶罵,VC2,0,v,2
調昇,VC2,0,v,2
調虎離山計,Nad,1,n,5
調頻台,Ncb,0,n,3
調頻電台,Ncb,0,n,4
談上,VC2,2,v,2
談玄,VA4,0,v,2
談說,VE2,0,v,2
諉卸,VC2,1,v,2
諉過,VA4,2,v,2
請不到,VC2,0,v,3
請講,VE2,2,v,2
諏訪,VC2,0,v,2
諏議,VC2,0,v,2
諠,b,0,zg,1
諠譁,VA4,0,v,2
諤諤,VH11,0,i,2
諮諏,VE11,0,v,2
諸夏,Naea,0,n,2
諸言,Nad,0,n,2
諾曼地登陸,Nba,0,nr,5
謀定而後動,VA4,0,v,5
謏,b,0,zg,1
謔稱,Nac,0,n,2
講出來,VB12,29,v,29
講台,Nab,22,n,22
講和,VB11,1,v,2
謝感,VJ2,0,v,2
謝神,VA4,0,v,2
謠言止於智者,VH11,0,i,6
謠言滿天飛,VH11,0,i,5
謷,b,0,zg,1
謹上,VA4,0,v,2
謼,b,0,zg,1
譆,b,0,zg,1
證券交易所,Ncb,0,n,5
證明出來,VE2,1,v,4
譎詭,VH11,0,i,2
譏剌,VC2,0,v,2
譏詆,VE2,0,v,2
譜出,VC31,4,v,4
警備司令部,Nab,0,n,5
警備總司令,Nab,0,n,5
警察廣播電臺,Nca,0,ns,6
譯注,VC2,0,v,2
護理助產職業學校,Ncb,0,n,8
護理專科學校,Ncb,0,n,6
護理職業學校,Ncb,0,n,6
譾陋,VH11,0,i,2
讀書不求甚解,VA4,0,v,6
讀萬卷書行萬里路,VA4,0,v,8
讆,b,0,zg,1
變化成,VG2,3,v,3
變更為,VG1,26,v,26
讌,b,0,zg,1
讎隙,Nac,0,n,2
讓出來,VC31,1,v,3
讓受人,Nab,0,n,3
讓國,VA4,0,v,2
讓與,VD1,2,v,2
讙,b,0,zg,1
讚,b,0,zg,1
讚佩不已,VI2,0,v,4
讚嘆,"Nv1, VE2","0, 28",v,30
讚嘆不已,VB11,0,v,4
讜言,Nac,0,n,2
讜論,Nac,0,n,2
讜辭,Nac,0,n,2
豆腐干,Nab,1,n,3
豈不,Dbb,50,d,50
豈只,Daa,5,d,5
豈是,Dbb,10,d,10
豐采,Nad,1,n,2
豪邁不羈,VH11,0,i,4
豬年,Nad,4,n,4
豬玀,Nab,0,n,2
豻,b,0,zg,1
貆,Nab,0,n,1
貍,Nab,0,n,1
貓哭耗子假慈悲,VH11,0,i,7
貙,Nab,0,n,1
貝柱,Nab,0,n,2
貝齒,Nab,0,n,2
負責任,VH11,94,i,94
貧賤不能移,VH11,0,i,5
貧賤夫妻百事哀,VH11,0,i,7
貪官污吏,Naeb,11,n,11
貪得無饜,VH21,0,i,4
貪心不足蛇吞象,VH11,0,i,7
貪污,"Nv1, VA4","0, 63",v,65
貪污罪,Nac,0,n,3
責任準備金,Naeb,0,n,5
貰,b,0,zg,1
貴要,Nab,1,n,2
買走,VC31,1,v,2
費唇舌,VH11,2,i,3
貼上,VC33,37,v,37
貿易公司,Ncb,0,n,4
賀儀,Nab,0,n,2
賀柬,Nab,0,n,2
賁然,VH11,0,i,2
資料中心,Ncb,0,n,4
資訊工業策進會,Nca,0,ns,7
賈后,Nba,0,nr,2
賓夕凡尼亞,Nca,0,ns,5
賓夕凡尼亞州,Nca,0,ns,6
賢昆仲,Nhac,0,n,3
賣帳,VB11,2,v,2
賣給,VD1,73,v,73
賦與,VD1,17,v,17
質量不滅定律,Nad,0,n,6
賴索托王國,Nca,0,ns,5
賵,b,0,zg,1
賸,VJ3,0,v,1
賸下,VJ1,4,v,4
賸餘,VJ3,0,v,2
賸餘價值,Nad,0,n,4
賸餘物資,Naeb,0,n,4
賽狗,VA4,0,v,2
贄敬,VC2,0,v,2
贄見,VC2,0,v,2
贊不絕口,VB11,0,v,4
贊歎,VE2,2,v,2
贊美,VC2,1,v,2
贊許,VC2,5,v,5
贊賞,VJ2,2,v,2
赩,b,0,zg,1
赫塞,Nba,6,nr,6
走下去,VA11,21,v,21
走不了,VH12,7,v,7
走不得,VH11,0,i,3
走嘴,VA4,0,v,2
走好,VA11,1,v,2
走過去,VA11,55,v,55
走霉運,VH11,0,i,3
赴會,VA13,5,v,5
起作用,VH11,4,i,4
起名稱,VB11,0,v,3
起哄,VA4,5,v,5
起早,VH11,4,i,4
起更,VH11,0,i,2
起站,Ncb,0,n,2
趁心,VH21,0,i,2
超卓,VH11,0,i,2
超國家主義,Nad,0,n,5
越出,VC1,2,v,2
越南共和國,Nca,0,ns,5
越王,Nba,0,nr,2
越王勾踐,Nba,0,nr,4
趑,b,0,zg,1
趕騾,VA4,0,v,2
趙王,Nba,0,nr,2
趫,b,0,zg,1
足心,Ncc,0,n,2
足跟,Nab,1,n,2
跅,b,0,zg,1
跌下,VC1,1,v,2
跐,VC2,0,v,1
跑來,VA11,40,v,40
跑出,VC1,26,v,26
跑出來,VA11,22,v,22
跑到,VC1,194,v,194
跑去,VC1,58,v,58
跑堂的,Nab,2,n,3
跑路,VA4,2,v,2
跑過去,VA11,11,v,11
跑開,VA11,12,v,12
跟腳,VH11,0,i,2
跨年,A,6,n,6
跨日,A,0,n,2
跨月,A,0,n,2
跪地,VA4,3,v,3
跫音,Nad,0,n,2
路加,Nba,0,nr,2
路條,Nab,1,n,2
跳上,VC1,15,v,15
跳出來,VA11,18,v,18
跳台,Nab,7,n,7
跳梁小丑,Nab,0,n,4
跳過,VC1,19,v,19
跴,b,0,zg,1
跼蹙,VH11,0,i,2
踊,b,0,zg,1
踏破鐵鞋無覓處,VA4,0,v,7
踏踩,VC2,0,v,2
踐履,VC2,0,v,2
踐阼,VA4,0,v,2
踡,b,0,zg,1
踢到,VC2,8,v,8
踢被,VA4,0,v,2
踧,b,0,zg,1
踶,b,0,zg,1
踹踏,VC2,0,v,2
踽,b,0,zg,1
蹀蹀,b,0,zg,2
蹇滯,VH11,0,i,2
蹠骨,Nab,0,n,2
蹢,b,0,zg,1
躐進,VC1,0,v,2
躑,b,0,zg,1
躓仆,VH11,0,i,2
躓礙,VH11,0,i,2
躓頓,VH11,0,i,2
躔次,Nad,0,n,2
躕,b,0,zg,1
躞,b,0,zg,1
身份証,Nab,1,n,3
身分証,Nab,0,n,3
躺下,VA11,6,v,6
車大砲,Nab,0,n,3
車夫,Nab,6,n,6
車弩,Nab,0,n,2
軍事委員會,Ncb,0,n,5
軍事學校,Ncb,0,n,4
軍公教子女,Naeb,0,n,5
軒朗,VH11,0,i,2
軟硬不喫,VH11,0,i,4
輇,b,0,zg,1
輊,b,0,zg,1
輓,b,0,zg,1
輕油裂解工廠,Ncb,0,n,6
輗,b,0,zg,1
輪奐,VH11,0,i,2
輮,b,0,zg,1
輴,b,0,zg,1
轉台,VA4,1,v,2
轉圜,VH11,4,i,4
轉學生,Nab,10,n,10
轉注,Nad,3,n,3
轉變為,VG1,31,v,31
轉輾,Dh,0,n,2
轉轍員,Nab,0,n,3
轉過來,VB12,6,v,6
轉過去,VB12,1,v,3
轍蹟,Nac,0,n,2
轎夫,Nab,3,n,3
轗,b,0,zg,1
轣,b,0,zg,1
辟,b,0,zg,1
辦事不犖,VH11,0,i,4
農工職業學校,Ncb,0,n,6
農業學校,Ncb,0,n,4
農業專科學校,Ncb,0,n,6
農業社會,Nac,0,n,4
農業職業學校,Ncb,0,n,6
辴,b,0,zg,1
迂回,VH11,0,i,2
近水樓台,VH11,2,i,4
近水樓台先得月,VA4,0,v,7
近鄉情怯,VH11,1,i,4
迒,b,0,zg,1
返台,VA13,32,v,32
迢遞,VH11,0,i,2
迫擊砲,Nab,2,n,3
迫擊砲彈,Nab,0,n,4
迴腸盪氣,VH11,0,i,4
迴首,VA4,0,v,2
追求到,VC2,5,v,5
追趕上,VC2,1,v,3
退一步海闊天空,VH11,0,i,7
退伙,VA4,0,v,2
退出去,VA11,0,v,3
送上,VC32,27,v,27
送人,VA4,5,v,5
送子,VA4,0,v,2
送老,VA4,0,v,2
适,b,0,zg,1
逋逃,VA11,1,v,2
透澈,VH11,3,i,3
透著,VJ1,17,v,17
透露出,VK2,29,v,29
這廝,Nab,2,n,2
這樣子,"Dk, VH11","84, 647","i, l","647, 84"
這裏,Ncdb,54,f,54
這麼個,Dh,2,n,3
通儒,Nab,0,n,2
通學生,Nab,0,n,3
通舖,Nab,3,n,3
通行証,Nab,0,n,3
通說,Nad,1,n,2
通鑑,Nba,2,nr,2
通靈,VH11,20,i,20
逞一時之快,VA4,0,v,5
逞兇,VA4,0,v,2
逞匹夫之勇,VA4,0,v,5
逢到,VC2,0,v,2
連台好戲,Nad,0,n,4
連枝,Nab,0,n,2
連珠砲,Nab,2,n,3
連莊,VH11,3,i,3
週,Nfg,485,q,485
週全,VH11,7,i,7
週到,VH11,11,i,11
週圍,Ncb,4,n,4
週密,VH11,1,i,2
週延,"Nv4, VH11","0, 4","i, v","4, 2"
週折,Nad,0,n,2
週旋,VA11,3,v,3
週會,Nac,8,n,8
週率,Nad,0,n,2
週知,VI1,1,i,2
週而復始,VH11,3,i,4
週詳,VH11,4,i,4
週身,Ncb,0,n,2
週遊世界,VA13,0,v,4
週遭,Ncb,18,n,18
進占,VC1,3,v,3
進行式,Nad,2,n,3
逴,b,0,zg,1
逸麗,VH11,0,i,2
遇著,VC2,3,v,3
遊盪,VA11,5,v,5
運動家,Nab,5,n,5
運動精神,Nad,0,n,4
運用上,VB11,3,v,3
運輸設備修護費,Naeb,0,n,7
遍布,VH14,30,v,30
過去完成式,Nad,0,n,5
過去式,Nad,4,n,4
過少,"Neqa, VH11","0, 7","i, m","7, 2"
過山砲,Nab,0,n,3
過帳,VB12,0,v,2
過從,VA4,0,v,2
過急,VH11,0,i,2
過熟,VH11,0,i,2
過甚,Dfb,0,d,2
過當,VH11,1,i,2
過短,VH11,2,i,2
過處,Ncb,0,n,2
過街老鼠人人喊打,VH11,0,i,8
遑遑不可終日,VH11,0,i,6
道上,Ncc,8,n,8
道出,VE2,32,v,32
道地,VH11,33,i,33
道述,VC31,1,v,2
道里,Nad,4,n,4
達因,Nfg,0,q,2
達士,Nab,0,n,2
違和,VH11,0,i,2
遙遙的,Dh,0,n,3
遝,b,0,zg,1
遞昇,VH11,0,i,2
遠到,VC1,4,v,4
遠因,Nac,1,n,2
遠地,Ncb,9,n,9
遠達,VJ3,0,v,2
遠遠的,Dg,0,l,3
遣將,VA4,0,v,2
遨嬉,VA4,0,v,2
適纔,Dd,0,d,2
遭受到,VJ1,15,v,15
遭天打雷劈,VH11,0,i,5
遭遇到,VJ1,29,v,29
遶,b,0,zg,1
選舉事務所,Ncb,0,n,5
選舉區,Ncb,0,n,3
選舉日,Ndabd,0,t,3
選舉罷免法,Nad,0,n,5
遺跡,Nab,83,n,83
遽聞,VE2,0,v,2
邁阿密海灘,Nca,2,ns,5
邃密,VH11,0,i,2
還不如,"Cbca, VJ1","30, 5","c, v","30, 5"
還口,VA4,4,v,4
還可以,"Dbab, VH11","133, 22","i, v","22, 133"
還報,VC2,0,v,2
還師,VC1,0,v,2
還帳,VA4,0,v,2
還情,VA4,0,v,2
還本,VA4,5,v,5
還錢,VA4,8,v,8
邈邈,VH11,0,i,2
邊郡,Ncb,0,n,2
邑人,Nab,0,n,2
邑宰,Nab,0,n,2
那麼著,Dk,1,l,3
邵氏,Nba,0,nr,2
邸第,Nab,0,n,2
郁,b,0,zg,1
郁穆,VH11,0,i,2
郁郁,b,0,zg,2
郁馥,VH11,0,i,2
郗,b,0,zg,1
郢人,Nab,0,n,2
部從,Nab,0,n,2
郲,b,0,zg,1
郵政代辦所,Ncb,0,n,5
都會,Ncb,66,n,66
都監,Nab,0,n,2
都邑,Ncb,0,n,2
鄉民代表會,Nac,0,n,5
鄉鎮民代表,Nab,0,n,5
鄭國,Nca,7,ns,7
鄭瀾,Nba,1,nr,2
酒盃,Nab,0,n,2
酒舖,Ncb,0,n,2
酤酒,VA4,0,v,2
酸疼,VH11,1,i,2
酸痛,"Nv4, VH11","0, 19","i, v","19, 2"
酸軟,VH11,3,i,3
醁,b,0,zg,1
醉客,Nab,1,n,2
醜詆,VC2,0,v,2
醥,b,0,zg,1
醨,b,0,zg,1
醫事職業學校,Nab,0,n,6
醱,b,0,zg,1
醱酵,VH11,5,i,5
醱醅,Naa,0,n,2
醺魚,Nab,0,n,2
醽,b,0,zg,1
醾,b,0,zg,1
釁鼓,Nab,0,n,2
釆,b,0,zg,1
采,b,0,zg,1
釋迦牟尼佛,Nba,7,nr,7
里,"!Nca, Nfg","0, 179","n, q","1, 179"
里幹事,Nab,0,n,3
里程表,Nab,0,n,3
里約,Nca,42,ns,42
重力加速度,Nad,0,n,5
重建為,VG1,2,v,3
重摺,VC2,0,v,2
重砲,Nab,0,n,2
重賞之下必有勇夫,VH11,0,i,8
重鎚,Nab,0,n,2
野台,Ncb,2,n,2
野戰砲,Nab,0,n,3
野砲,Nab,0,n,2
野蠻人,Nab,4,n,4
量出,VC31,6,v,6
量地,VA4,0,v,2
金波,Naa,1,n,2
金紅,Nad,1,n,2
金鈿,Naa,0,n,2
金雞納鹼,Naa,0,n,4
釕,Naa,0,n,2
釘上,VC32,3,v,3
釘鎚,Nab,0,n,2
針孔照像機,Nab,0,n,5
針灸,"Nad, VB11","35, 22","n, v","35, 22"
針砭,VC2,2,v,2
針芒,Nab,0,n,2
釣魚台,Nca,107,ns,107
釣魚台列島,Nca,0,ns,5
釣魚臺列島,Nca,0,ns,5
鈕子,Nab,0,n,2
鈕孔,Nab,0,n,2
鈕扣,Nab,6,n,6
鈴鈴,Dh,0,n,2
鈽,Naa,0,n,1
鉅億,Nad,0,n,2
鉅儒,Nab,0,n,2
鉅大,VH11,15,i,15
鉅費,Naeb,0,n,2
鉅量,A,1,n,2
鉋冰,Naa,0,n,2
鉋刀,Nab,0,n,2
鉋削,VC2,0,v,2
鉋子,Nab,0,n,2
鉋成,VG1,0,v,2
鉋花,VA4,0,v,2
鉑銥,Naea,0,n,2
鉤上,VC2,0,v,2
鉤花點葉派,Nab,0,n,5
鉤虫,Nab,0,n,2
鉸鍊,Nab,4,n,4
銀杯,Nab,1,n,2
銀樽,Nab,0,n,2
銀盾,Nab,1,n,2
銀竹,Nab,0,n,2
銀釧,Nab,0,n,2
銈,Naa,0,n,1
銘傳女子商業專科學校,Nca,0,ns,10
銘誄,Nac,0,n,2
銤,Naa,0,n,1
銧,Naa,0,n,1
銲,b,0,zg,1
銷毀,"Nv1, VC2","0, 21",v,23
鋂,Naa,0,n,1
鋊,b,0,zg,1
鋏子,Nab,0,n,2
鋸掉,VC2,3,v,3
鋼琴協奏曲,Nac,0,n,5
錢坑,Nab,2,n,2
錢奴,Nab,2,n,2
錢庄,Ncb,2,n,2
錢復,Nba,45,nr,45
錢票,Nab,0,n,2
錢荒,Nad,0,n,2
錢財乃身外之物,VH11,0,i,7
錢鋪,Ncb,0,n,2
錦衾,Nab,0,n,2
錴,Naa,0,n,1
錵,b,0,zg,1
鍊子,Nab,3,n,3
鍊條,Nab,1,n,2
鍋台,Nab,2,n,2
鍛煉,VC2,0,v,2
鍛鍊出,VC31,0,v,3
鍼,b,0,zg,1
鍾山,Nca,2,ns,2
鍾縣,Nca,0,ns,2
鎃,b,0,zg,1
鎔岩,Nab,0,n,2
鎔解熱,Nad,0,n,3
鎗口,Ncc,0,n,2
鎗彈,Naeb,0,n,2
鎗戰,Nac,0,n,2
鎗托,Nab,0,n,2
鎗把,Nab,0,n,2
鎗斃,VC2,0,v,2
鎗林彈雨,Nad,0,n,4
鎗架,Nab,0,n,2
鎗桿,Nab,0,n,2
鎗法,Nad,0,n,2
鎗砲,Naeb,0,n,2
鎗膛,Nab,0,n,2
鎗身,Nab,0,n,2
鎚兒,Nab,0,n,2
鎚子,Nab,2,n,2
鎚頭,Nab,0,n,2
鎮日,Dd,8,d,8
鏑矢,Nab,0,n,2
鏑箭,Nab,0,n,2
鏝刀,Nab,0,n,2
鏟出,VC33,0,v,2
鏟除,VC2,5,v,5
鏡中,Ncc,0,n,2
鏡台,Nab,0,n,2
鏡鑒,Nac,0,n,2
鏤簋,Nab,0,n,2
鏦,Nab,0,n,1
鐋,Nab,0,n,1
鐙環,Nab,0,n,2
鐵杆,Nab,0,n,2
鐵砲,Nab,0,n,2
鐵磬,Nab,0,n,2
鐵証,Nac,0,n,2
鐵路管理局,Ncb,0,n,5
鐵鉞,Nab,0,n,2
鐵鍊,Nab,3,n,3
鐵鎚,Nab,13,n,13
鐶,b,0,zg,1
鐻,b,0,zg,1
鐽,b,0,zg,1
鑀,Naa,0,n,1
鑑定為,VG1,2,v,3
鑒,b,0,zg,1
鑒別,VC2,2,v,2
鑒定,VE2,10,v,10
鑒察,VA4,0,v,2
鑒於,Cbba,15,c,15
鑒核,VC2,0,v,2
鑒賞,VC2,4,v,4
鑞鎗頭,Nab,0,n,3
鑢,b,0,zg,1
鑣客,Nab,0,n,2
鑣局,Ncb,0,n,2
鑪,Naa,1,n,1
鑽台,Nab,0,n,2
長世,Nad,0,n,2
長人,Nab,6,n,6
長公,Nab,0,n,2
長出,VJ3,40,v,40
長出來,VH14,16,v,16
長吁短歎,VA4,0,v,4
長壽煙,Nab,1,n,3
長安人,Nab,2,n,3
長庚紀念醫院,Nca,0,ns,6
長形,Nac,2,n,2
長日,Ndabd,0,t,2
長歎,VC31,0,v,2
長男,Nab,1,n,2
長計,Nac,0,n,2
門帘,Nab,1,n,2
門戶開放政策,Nac,0,n,6
門望,Nad,0,n,2
閂門,VA4,0,v,2
閉上,VC2,35,v,35
開國紀念日,Ndabd,0,t,5
開年,Ndabd,0,t,2
開征,VC31,5,v,5
開歲,Nad,0,n,2
開發中國家,Nac,0,n,5
開砲,VA4,1,v,2
開誠布公,VA4,2,v,4
開過去,VB2,6,v,6
閎衍,VH11,0,i,2
閎言,Nac,0,n,2
閎達,VH11,0,i,2
閑居,VC1,1,v,2
閑散,VH11,0,i,2
閑暇,Nad,2,n,2
閑空,Nad,0,n,2
閑話,Nad,2,n,2
閑雜,VH11,1,i,2
閑靜,VH11,0,i,2
閔傷,VJ2,0,v,2
閔凶,Nad,0,n,2
閔恤,VC2,0,v,2
閣揆,Nab,26,n,26
閨艷,Nad,0,n,2
閱兵台,Ncb,0,n,3
閻宦,Nba,0,nr,2
閽人,Nab,0,n,2
闈場,Ncb,1,n,2
闐池,Nca,0,ns,2
闕下,Ncc,0,n,2
闕字,Nac,0,n,2
闕詞,Nac,0,n,2
關于,P41,2,p,2
關係代名詞,Nac,0,n,5
關係企業,Nac,0,n,4
關起來,VB12,0,v,3
闢土,VA4,5,v,5
闢地,VA4,1,v,2
闢建,"Nv1, VC33","0, 37",v,39
闢為,VG1,11,v,11
闢田,VA4,0,v,2
闢邪,VA4,0,v,2
阮江,Nca,0,ns,2
防濕,VH11,0,i,2
阿公店水庫,Nca,0,ns,5
阿司匹靈,Nab,0,n,4
阿基米德原理,Nba,0,nr,6
阿姊,Nab,0,n,2
阿姑,Nab,0,n,2
阿娘,Nab,2,n,2
阿寶,Nba,3,nr,3
阿拉伯聯合大公國,Nca,0,ns,8
阿斯匹靈,Nab,33,n,33
阿母,Nab,2,n,2
阿爾卑斯山地,Nca,0,ns,6
阿爾發粒子,Nab,0,n,5
阿留申群島,Nca,0,ns,5
阿舅,Nab,0,n,2
阿花,Nab,0,n,2
附屬國民小學,Nab,0,n,6
附屬高級中學,Nab,0,n,6
降將,Nab,0,n,2
陞官,VH11,0,i,2
除官,VB12,0,v,2
除清,VC2,0,v,2
除濕,VA4,1,v,2
除濕機,Nab,0,n,3
除舊布新,VA4,0,v,4
除號,Nac,0,n,2
陰唇,Nab,6,n,6
陰月,Ndabc,0,t,2
陰沈,VH11,4,i,4
陰溝裡翻船,VH11,0,i,5
陰濕,VH11,8,i,8
陳乞,VF2,0,v,2
陳事,Nac,0,n,2
陳屍,VA12,5,v,5
陳情,"Nv1, VF2","0, 75",v,77
陳明,Nba,6,nr,6
陳皮,Nab,4,n,4
陳言,"Nac, VA4","0, 0","n, v","2, 2"
陳訴,"Nv1, VE2","0, 2",v,4
陳誠,Nba,8,nr,8
陳請,VF2,3,v,3
陳貨,Naeb,0,n,2
陳蹟,Nab,0,n,2
陳酒,Naa,0,n,2
陳醋,Naa,0,n,2
陵轢,VC2,0,v,2
陶染,VC2,0,v,2
陶磚,Naa,0,n,2
陸光,Nba,24,nr,24
陸官,Nab,0,n,2
陸居,A,0,n,2
陸海空三軍,Naea,0,n,5
陸軍軍官學校,Nca,0,ns,6
陽台,Nab,73,n,73
陽明醫學院,Nca,0,ns,5
隃,b,0,zg,1
隄,Nab,0,n,1
隆寒,VH11,0,i,2
隆愛,Nad,0,n,2
隆田,Nca,0,ns,2
隆興,VH11,0,i,2
隔月,Dd,0,d,2
隕歿,VH11,0,i,2
隘窘,VH11,0,i,2
隙罅,Nab,0,n,2
隩,b,0,zg,1
隱秘,VH11,7,i,7
隻,Nfa,1207,q,1207
隻字,Nac,11,n,11
隻影,Nac,0,n,2
雀屏中選,VH11,9,i,9
雁子,Nab,0,n,2
雁序,Nad,0,n,2
雅致,VH11,10,i,10
雇,VF2,13,v,13
雇主,Nab,48,n,48
雇傭,Nab,0,n,2
雇員,Nab,9,n,9
雇工,Nab,2,n,2
雇戶,Nab,0,n,2
雇用,"Nv1, VC2","0, 60",v,62
雇船,VA4,0,v,2
雇車,VA4,0,v,2
雇農,Nab,0,n,2
雊,b,0,zg,1
雋材,Naeb,0,n,2
雕蚶鏤蛤,VH11,0,i,4
雙唇,Naea,10,n,10
雙子葉植物,Nab,0,n,5
雙摺,A,0,n,2
雙衛,Naea,1,n,2
雙連,Nca,2,ns,2
雙骰,Naea,0,n,2
雙鯉,Naea,0,n,2
雙鳳,Naea,0,n,2
雜膾,Naa,0,n,2
雝,b,0,zg,1
雞年,Ndaba,0,t,2
雞蛋裡挑骨頭,VA4,3,v,6
雞隻,Naeb,1,n,2
難字,Nac,5,n,5
難找,VC31,7,v,7
難民收容所,Ncb,0,n,5
難管,VH11,0,i,2
雨淋日曬,VH11,0,i,4
雨雲,Naa,2,n,2
雪撬,Nab,2,n,2
雪虐風饕,VH11,0,i,4
雰,b,0,zg,1
雲梢,Ncb,0,n,2
雲譎波詭,VH11,0,i,4
雷聲大雨點小,VH11,0,i,6
雷霆萬鈞之勢,Nad,0,n,6
電動打字機,Nab,0,n,5
電台,Ncb,147,n,147
電子工業研究所,Nca,0,ns,7
電子所,Ncb,3,n,3
電桿,Nab,13,n,13
電線桿,Nab,19,n,19
電表,Nab,5,n,5
電視公司,Ncb,0,n,4
電視台,Ncb,120,n,120
電請,VF2,3,v,3
震蕩,VA2,3,v,3
霈然,VH11,0,i,2
霉,Naa,4,n,4
霉乾菜,Nab,0,n,3
霉味,Nad,8,n,8
霉天,Nac,0,n,2
霉干菜,Naa,0,n,3
霉氣,Nad,0,n,2
霉潮,Nad,0,n,2
霉爛,VH11,4,i,4
霉菌,Nab,3,n,3
霉運,Nad,2,n,2
霉雨,Naa,0,n,2
霑恩,VH11,0,i,2
霑惠,VH11,0,i,2
霑染,VJ1,0,v,2
霑潤,VJ1,0,v,2
霑濡,VJ1,0,v,2
霑衣,VH11,0,i,2
霑衿,VH11,0,i,2
霑被,VI2,0,v,2
霑襟,VH11,0,i,2
霑霈,VI2,0,v,2
霙,b,0,zg,1
霧台,Nca,1,ns,2
露出來,VC2,4,v,4
露台,Nab,0,n,2
霸占,VC31,0,v,2
霹靂砲,Nab,0,n,3
霾晦,VH11,0,i,2
靂,b,0,zg,1
靈台,Nad,1,n,2
靈秀,VH11,4,i,4
青年救國團,Nca,0,ns,5
青年軍,Nab,2,n,3
青年輔導委員會,Nca,0,ns,7
青康滇縱谷高原,Nca,0,ns,7
青康藏高原,Nca,2,ns,5
青玉,Naa,0,n,2
青瓦台,Nab,3,n,3
青碧,Nad,0,n,2
青紅皂白,Nad,10,n,10
青鱸,Nab,0,n,2
靖難,Nba,0,nr,2
靜修,VA4,2,v,2
靜宜女子文理學院,Nca,0,ns,8
靜宜文理學院,Nca,0,ns,6
靜美,VH11,1,i,2
靜電健康器,Nab,0,n,5
非常時期,Nad,7,n,7
非營業支出,Naeb,0,n,5
非營業收入,Naeb,0,n,5
靠在,VJ1,9,v,9
面皮,Nab,1,n,2
面粉,Naa,0,n,2
面臨到,VJ1,9,v,9
靦汗,VH11,0,i,2
靦顏,VH11,0,i,2
靪,b,0,zg,1
靷,Nab,0,n,1
鞄,b,0,zg,1
鞋扣,Nab,0,n,2
鞚,b,0,zg,1
鞤,b,0,zg,1
鞭尸,VA4,0,v,2
鞭砲,Nab,1,n,2
韁繩,Nab,2,n,2
韆,b,0,zg,1
韋蓆,Nab,0,n,2
韓國人,Nab,9,n,9
韓琦,Nba,0,nr,2
韡,b,0,zg,1
音樂台,Nab,6,n,6
韶顏,Nad,0,n,2
頂好,Nca,3,ns,3
頂讓,VD1,3,v,3
頂起來,VB2,0,v,3
順時鐘方向,Nac,0,n,5
須得,Dbab,3,v,3
頌歎,VC2,0,v,2
頏,b,0,zg,1
預力混凝土,Naa,0,n,5
頑逆,VH11,0,i,2
頒布,"Nv1, VC31","0, 13",v,15
頗好,VH11,0,i,2
領導性,Nad,0,n,3
頦頷,Nab,0,n,2
頭大,VH21,5,i,5
頭臉,Nad,2,n,2
頹圮,VH11,1,i,2
頻催,VF2,1,v,2
顈,b,0,zg,1
願天下有情人皆成眷屬,VH11,0,i,10
顛簸而行,VH11,0,i,4
類此,VH11,3,i,3
顢,b,0,zg,1
顧卹,VJ2,0,v,2
顧命,b,0,zg,2
顧戀,VJ2,0,v,2
顧曲,b,0,zg,2
顧笑,b,0,zg,2
顯示出,VK2,74,v,74
顯示出來,VB2,5,v,5
顰蹙,Nad,0,n,2
風濕,Nad,5,n,5
風濕性,Nad,2,n,3
風濕熱,Nad,0,n,3
風濕病,Nad,2,n,3
風濕症,Nad,1,n,3
風行草偃,VH11,1,i,4
風釆,Nad,0,n,2
風雨淒淒,VH11,0,i,4
颯沓,VH11,0,i,2
颳,VC2,23,v,23
飂,b,0,zg,1
飄幌,Nab,0,n,2
飄洒自如,VH11,0,i,4
飄盪,VA11,3,v,3
飄遙,VH11,0,i,2
飛檄,Nab,0,n,2
飛燕,"Nab, Nca","2, 0","n, ns","2, 2"
飛矢,Nab,0,n,2
飛簷,Nab,8,n,8
飛簷走壁,VA4,2,v,4
飛走,VA11,14,v,14
食不充饑,VH11,0,i,4
食品舖,Ncb,0,n,3
飢民,Nab,6,n,6
飢荒,Nad,5,n,5
飢饉,Nad,1,n,2
飥,b,0,zg,1
飭令,VF2,5,v,5
飭辦,VC31,0,v,2
飭遵,VJ1,0,v,2
餅干,Nab,1,n,2
養珠,Nab,1,n,2
養胖,VC2,0,v,2
餓死事小失節事大,VH11,0,i,8
餓莩,Nab,0,n,2
餔,b,0,zg,1
餖,b,0,zg,1
餘事,Nac,0,n,2
餘波蕩漾,VH11,0,i,4
餘澤,Nad,0,n,2
餘蔭,Nad,1,n,2
餘音嬝繞,VH11,1,i,4
餘音繞梁,VH11,0,i,4
餤,VC31,0,v,1
餧,b,0,zg,1
餵,VC2,54,v,54
餺,b,0,zg,1
饁,b,0,zg,1
饑,b,0,zg,1
饑不擇食,VH11,0,i,4
饑寒,Nad,0,n,2
饑寒交迫,VH11,0,i,4
饑渴,VH11,5,i,5
饑溺,Nad,0,n,2
饑飽,Nad,0,n,2
饑餓,VH11,15,i,15
饒富,VJ3,11,v,11
饒沃,VH11,0,i,2
饔人,Nab,0,n,2
饘,Naa,0,n,1
饜足,VH11,0,i,2
饜食,VA4,0,v,2
首席檢查官,Nab,0,n,5
香亭,Nab,0,n,2
香港人,Nab,49,n,49
香港浸會學院,Nca,0,ns,6
香煙,Nab,48,n,48
香禮,Nad,0,n,2
香蠟,Naa,0,n,2
香郁,VH11,0,i,2
馬偕,Nba,17,nr,17
馬偕紀念醫院,Nca,0,ns,6
馬克數,Nad,0,n,3
馬克斯主義,Nac,0,n,5
馬兵,Nab,0,n,2
馬利,Nca,3,ns,3
馬可仕,Nba,5,nr,5
馬可斯,Nba,0,nr,3
馬夫,Nab,0,n,2
馬年,Ndaba,0,t,2
馬後砲,Nac,1,n,3
馬恩,Nba,0,nr,2
馬拉加西國,Nca,0,ns,5
馬漢,Nba,0,nr,2
馬表,Nab,0,n,2
馬路如虎口,VH11,1,i,5
馬達加斯加島,Nca,0,ns,6
馬醫,Nab,0,n,2
馬齒,"Nab, b","0, 0","n, zg","2, 2"
馮婦,Nab,2,n,2
駑駘,Nad,0,n,2
駕駛人,Nab,29,n,29
駘蕩,VH11,0,i,2
駪,b,0,zg,1
駻,b,0,zg,1
駿逸,VH11,0,i,2
騁志,VA4,0,v,2
騎將,Nab,0,n,2
騎從,Nab,0,n,2
騎驢看唱本,VA4,0,v,5
騧,b,0,zg,1
騫旗,Nab,0,n,2
驂乘,Nab,0,n,2
驕狎,VH11,0,i,2
驗尸,VA4,0,v,2
驚嘆,VC31,0,v,2
驚嘆不已,VH21,0,i,4
驚嘆號,Nac,3,n,3
驪姬,Nba,0,nr,2
骭,b,0,zg,1
骴,b,0,zg,1
骾,b,0,zg,1
髆,b,0,zg,1
髐,b,0,zg,1
體會到,VK1,83,v,83
體現出,VK2,0,v,3
體育學院,Ncb,0,n,4
體育專科學校,Ncb,0,n,6
體育會,Ncb,16,n,16
體育活動,Nac,8,n,8
體驗到,VK1,26,v,26
高人,Nab,16,n,16
高商,Ncb,5,n,5
高單位,A,0,n,3
高坐,VC1,2,v,2
高射砲,Nab,2,n,3
高射砲彈,Nab,0,n,4
高就,VA4,3,v,3
高峙,VH11,0,i,2
高崗,Nab,1,n,2
高市,Nca,64,ns,64
高帝,Nba,0,nr,2
高年,Nad,1,n,2
高才,Nab,1,n,2
高抬貴手,VA4,4,v,4
高掛,VC33,13,v,13
高桿,VH11,1,i,2
高澤,Nad,0,n,2
高爵,Nab,0,n,2
高猷,Nac,0,n,2
高處不勝寒,VH11,0,i,5
高誼,Nad,0,n,2
高談,VC2,3,v,3
高賢,Nab,0,n,2
高逸,VH11,0,i,2
高陞,VJ3,0,v,2
高雄,Nca,583,ns,583
高雄師範學院,Nca,0,ns,6
高雄醫學院,Nca,0,ns,5
高韻,Nac,0,n,2
高鳴,VA4,1,v,2
高麗參,Nab,0,n,3
髦牛,Nab,0,n,2
髫年,Ndabf,0,t,2
鬁,b,0,zg,1
鬅,b,0,zg,1
鬆脆餅,Nab,0,n,3
鬆通,VH11,0,i,2
鬈毛,Nab,1,n,2
鬈髮,Nab,0,n,2
鬍,b,0,zg,1
鬍梢,Ncb,0,n,2
鬎,b,0,zg,1
鬒,b,0,zg,1
鬙,b,0,zg,1
鬚,b,0,zg,1
鬨,b,0,zg,1
鬫,b,0,zg,1
魋,b,0,zg,1
魏代,Ndaab,0,t,2
魏源,Nba,0,nr,2
魘寐,VA4,0,v,2
魘魅,VC2,0,v,2
魚市場,Ncb,3,n,3
魚沈雁沓,VA4,0,v,4
魚膾,Nab,0,n,2
魚與熊掌不可兼得,VH11,0,i,8
魚雁,b,0,zg,2
魠,b,0,zg,1
魯直,"Nba, VH11","0, 0","i, nr","2, 2"
鮀,Nab,0,n,1
鮂,b,0,zg,1
鮪釣,A,0,n,2
鮪魚,Nab,1,n,2
鮫鰈,Naeb,0,n,2
鮮卑人,Nab,0,n,3
鮮妍,VH11,0,i,2
鮮艷,VH11,30,i,30
鮮艷艷,VH11,0,i,3
鯁噎,VH11,0,i,2
鯁論,Nad,0,n,2
鯖魚,Nab,0,n,2
鰈鶼,b,0,zg,2
鰋,Nab,0,n,1
鰒,b,0,zg,1
鰷魚,Nab,0,n,2
鱁,b,0,zg,1
鱄,b,0,zg,1
鱍,b,0,zg,1
鱞,b,0,zg,1
鱮,b,0,zg,1
鳩占鵲巢,VH11,0,i,4
鳩合,VA2,0,v,2
鳩聚,VC33,0,v,2
鳩集,VH14,1,v,2
鳳仙,b,0,zg,2
鳳儀,Nad,0,n,2
鳳輦,Nab,0,n,2
鳳雛,Nab,0,n,2
鳳駕,Nab,0,n,2
鳴砲,VA4,0,v,2
鴃,b,0,zg,1
鴛鴦蝴蝶派,Nad,0,n,5
鴟鵂,Nab,0,n,2
鴳,Nab,0,n,1
鴻博,VH11,0,i,2
鵁,b,0,zg,1
鵲巢鳩占,VH11,0,i,4
鶄,b,0,zg,1
鶆,b,0,zg,1
鶖,b,0,zg,1
鶤,b,0,zg,1
鶪,b,0,zg,1
鶬,b,0,zg,1
鶱,b,0,zg,1
鶼鰈,Nhac,0,n,2
鷞,b,0,zg,1
鷸蚌相爭漁翁得利,VH11,0,i,8
鷽,Nab,0,n,1
鷿,b,0,zg,1
鸇,Nab,0,n,1
鸋,b,0,zg,1
鸛鳥,Nab,0,n,2
鹵,Nbc,0,nr,1
鹵味,Naa,0,n,2
鹵水,Naa,0,n,2
鹵汁,Naa,0,n,2
鹿柴,Nca,1,ns,2
鹿竹,Nab,1,n,2
鹿苑,"Nab, Nca","0, 0","n, ns","2, 2"
麀,b,0,zg,1
麃,Nab,0,n,1
麋沸,VH11,0,i,2
麗服,Nab,0,n,2
麗藻,Nac,0,n,2
麛,Nab,0,n,1
麤,b,0,zg,1
麰,b,0,zg,1
麵團,Nab,2,n,2
麻六甲海峽,Nca,2,ns,5
麻塞諸塞州,Nca,0,ns,5
麻田,Nab,0,n,2
麻痹,VH11,1,i,2
麻胡,VH11,0,i,2
麻薩諸塞州,Nca,2,ns,5
黃冠,Nab,0,n,2
黃濁,VH11,1,i,2
黃石大峽谷,Nca,0,ns,5
黃老,"Nad, Naea","0, 0",n,4
黃蓮,Nab,2,n,2
黌宮,Ncb,0,n,2
黌舍,Nab,0,n,2
黎黑,VH11,0,i,2
黑檀,Nab,0,n,2
黑色星期五,Ndabd,0,t,5
黑鯨,Nab,0,n,2
默念,VC2,3,v,3
黛玉,Nba,1,nr,2
黛眉,Nab,0,n,2
黛鬟,Nab,0,n,2
黜陟,Nad,0,n,2
點上,VC2,8,v,8
點主,"Nad, VB11","0, 0","n, v","2, 2"
點兵,VA4,0,v,2
點字,VA4,30,v,30
點清,VC2,1,v,2
點號,Nac,0,n,2
點起,VC31,6,v,6
黠獪,VH11,0,i,2
黥面,Nad,0,n,2
黨主席,Nab,12,n,12
黯澹,VH11,0,i,2
黰,Nca,0,ns,1
黲,b,0,zg,1
黶,b,0,zg,1
鼇,b,0,zg,1
鼉鼓,Nab,0,n,2
鼎鑊,Naeb,0,n,2
鼏,Nab,0,n,1
鼒,b,0,zg,1
鼓噪,VH11,2,i,2
鼓搥,Nab,0,n,2
鼓起如簧之舌,VA4,0,v,6
鼕,Dh,0,n,1
鼙鼓,Nab,0,n,2
鼛,Nab,0,n,1
鼢,Nab,0,n,1
鼥,b,0,zg,1
鼫,Nab,0,n,1
鼮,Nab,0,n,1
鼻梁,Nab,3,n,3
鼻梁兒,Nab,0,n,3
鼻煙,Naa,0,n,2
鼻煙壺,Nab,4,n,4
齊人,b,0,zg,2
齊東,Nca,0,ns,2
齊王,Nba,0,nr,2
齊衰,Nab,0,n,2
齊齊的,VH11,0,i,3
齋僧,VA4,0,v,2
齗,b,0,zg,1
齘,b,0,zg,1
齠年,Ndabf,0,t,2
齯,b,0,zg,1
齵,b,0,zg,1
龍卷,b,0,zg,2
龍年,Ndaba,0,t,2
龍珠,Nab,0,n,2
龍生龍鳳生鳳,VH11,0,i,6
龐鴻,Nab,0,n,2
